chr	start	end	name	mrF-L5-s1_S10_host.bam	mrF-L5-s2_S11_host.bam	mrF-L5-s3_S12_host.bam	mrF-L5-t1_S7_host.bam	mrF-L5-t2_S8_host.bam	mrF-L5-t3_S9_host.bam	mrF-N12-s1_S4_host.bam	mrF-N12-s2_S5_host.bam	mrF-N12-s3_S6_host.bam	mrF-N12-t1_S1_host.bam	mrF-N12-t2_S2_host.bam	mrF-N12-t3_S3_host.bam	mrM-L5-s1_S22_host.bam	mrM-L5-s2_S23_host.bam	mrM-L5-s3_S24_host.bam	mrM-L5-t1_S19_host.bam	mrM-L5-t2_S20_host.bam	mrM-L5-t3_S21_host.bam	mrM-N12-s1_S16_host.bam	mrM-N12-s2_S17_host.bam	mrM-N12-s3_S18_host.bam	mrM-N12-t1_S13_host.bam	mrM-N12-t2_S14_host.bam	mrM-N12-t3_S15_host.bam
chr1	0	100000	chr1_0_100000	3189	1749	1369	1128	988	1643	1029	643	550	935	814	718	2168	1524	1038	1259	887	1392	1367	539	669	745	615	1393
chr1	100000	200000	chr1_100000_200000	8823	6142	4949	5255	4266	6350	3797	3209	2827	3447	3538	3142	6258	5189	3539	4227	3045	5120	4268	2427	3090	2898	2690	5480
chr1	200000	300000	chr1_200000_300000	4900	3077	2881	3141	2539	3758	5081	4344	3585	4284	5423	4352	4585	4240	2906	3306	2611	4233	5364	3596	4240	3830	4167	7561
chr1	300000	400000	chr1_300000_400000	3039	1778	1451	1624	1358	1795	1363	1247	1171	1166	1452	1206	2686	2248	1592	1874	1397	2422	2037	1266	1527	1378	1406	2775
chr1	400000	500000	chr1_400000_500000	6923	4505	3528	3943	3219	4647	4216	3127	2220	3209	4057	3467	5441	4304	2858	3642	2491	4339	3877	1990	2471	2399	2177	4455
chr1	500000	600000	chr1_500000_600000	10835	7531	7166	7757	5776	9254	6894	5530	4225	5796	5884	5794	8726	7151	4935	6022	4179	7129	6592	3543	4483	4437	3611	7522
chr1	600000	700000	chr1_600000_700000	5093	3096	2640	2733	1893	3463	3013	1924	1517	2189	2335	2076	5051	3871	2485	3164	2113	3518	3789	1684	2155	2193	1602	3669
chr1	700000	800000	chr1_700000_800000	7409	5434	4421	4696	3793	5602	4014	3965	3013	3722	3872	3614	6038	4921	3340	3988	3123	5022	4742	2735	3142	3298	2949	6002
chr1	800000	900000	chr1_800000_900000	13835	9370	8384	9148	7432	10638	9088	7723	5554	7792	9038	7885	8873	7362	4910	5794	4221	7189	7084	3905	4761	4728	4213	8541
chr1	900000	1000000	chr1_900000_1000000	3998	2115	1863	1988	1774	2238	1921	1592	1067	1555	2215	1705	2089	1371	829	1082	765	1190	1401	580	722	759	762	1423
chr1	1000000	1100000	chr1_1000000_1100000	9555	6715	5695	5974	5003	7484	5419	4563	3005	4970	4252	4600	5161	3974	2485	3151	2207	3626	3876	1797	2232	2311	1991	4212
chr1	1100000	1200000	chr1_1100000_1200000	12624	9567	9367	8219	7087	11601	5645	4415	3671	4844	5418	4611	9036	7620	5318	6214	4572	7744	5618	3020	3747	3588	3467	6420
chr1	1200000	1300000	chr1_1200000_1300000	5363	2867	1833	2357	1665	2551	1519	797	563	921	1301	998	5791	4472	2755	3746	2626	4174	3943	1794	2310	2391	1957	4533
chr1	1300000	1400000	chr1_1300000_1400000	9814	7405	7170	6780	5872	8773	5846	5947	4886	5782	5747	5017	8023	6676	4513	5456	3802	6253	5766	3040	3909	3867	3267	6903
chr1	1400000	1500000	chr1_1400000_1500000	5531	3628	3344	3675	2936	4027	2494	2426	1870	2311	2616	2298	4265	3628	2337	2902	2086	3283	3180	1752	2121	2113	1812	3738
chr1	1500000	1600000	chr1_1500000_1600000	6054	3960	3988	3932	3246	4958	3652	3037	2302	2921	3414	3026	4335	3644	2388	2870	2182	3413	3217	1818	2151	2137	2024	3976
chr1	1600000	1700000	chr1_1600000_1700000	3278	1889	1503	1370	1346	1791	876	897	797	923	844	765	2714	2001	1289	1670	1150	1786	2180	961	1083	1261	1025	2158
chr1	1700000	1800000	chr1_1700000_1800000	10721	7578	7064	6924	6016	8237	5833	5833	4926	5563	5763	5235	8586	6724	4505	5553	3770	6373	6378	3451	4150	4052	3686	7092
chr1	1800000	1900000	chr1_1800000_1900000	6441	4046	3911	4322	3512	4660	4005	3728	2516	3695	4009	3450	5318	4538	2761	3490	2606	4158	4918	2859	3303	3321	3337	6197
chr1	1900000	2000000	chr1_1900000_2000000	8552	5559	5175	5302	3964	6184	4465	3467	2807	3692	3743	3369	7614	5974	4188	5010	3374	5860	5730	2943	3844	3820	3025	6411
chr1	2000000	2100000	chr1_2000000_2100000	3324	1924	2027	2076	1918	2611	1452	1145	861	1200	1610	1386	2492	2217	1532	1741	1390	2227	1772	1106	1301	1256	1266	2516
chr1	2100000	2200000	chr1_2100000_2200000	2529	1655	1905	1810	1714	2238	1104	1259	1174	1132	1340	1101	2089	2013	1367	1478	1268	2002	1464	1058	1180	1137	1264	2157
chr1	2200000	2300000	chr1_2200000_2300000	1878	965	869	950	730	1143	1029	930	1008	904	1046	978	1430	975	624	819	619	884	1183	600	663	694	704	1353
chr1	2300000	2400000	chr1_2300000_2400000	5725	4070	4086	3958	3628	4590	4571	5887	6413	4753	5789	4716	4808	4282	2725	3201	2553	4089	3966	2200	2575	2640	2691	4813
chr1	2400000	2500000	chr1_2400000_2500000	1227	379	355	390	318	382	427	411	330	354	405	306	1020	727	470	552	418	668	822	389	462	470	460	865
chr1	2500000	2600000	chr1_2500000_2600000	4729	2616	2428	2571	2196	3095	2931	3028	2692	2655	3895	3080	3162	2958	2021	2272	1820	3114	2977	1921	2373	2156	2369	4326
chr1	2600000	2700000	chr1_2600000_2700000	2002	1410	1482	1305	1428	1742	1020	1218	1074	951	1182	1004	1777	1659	1174	1256	1076	1647	1234	784	985	910	953	1835
chr1	2700000	2800000	chr1_2700000_2800000	4743	3363	3318	3127	2675	3782	3878	3018	2343	3070	3931	3471	3583	3186	2092	2498	1965	3209	3093	2034	2352	2223	2411	4418
chr1	2800000	2900000	chr1_2800000_2900000	6828	4614	3424	3895	2967	4243	3592	2462	1667	2569	3364	2916	5756	4690	3029	3674	2653	4276	4595	2354	2748	2813	2412	5306
chr1	2900000	3000000	chr1_2900000_3000000	1883	1182	1080	988	915	1259	1100	977	798	994	1047	1043	2007	1613	1017	1311	947	1461	1661	961	1093	1118	1039	2179
chr1	3000000	3100000	chr1_3000000_3100000	1987	1290	1118	1192	901	1352	934	912	706	795	1098	832	1571	1200	825	978	719	1176	1384	663	873	898	855	1592
chr1	3100000	3200000	chr1_3100000_3200000	1590	1234	1260	1154	992	1456	907	1150	921	1107	1004	971	2275	1760	1293	1436	1082	1826	1723	988	1146	1137	1119	2126
chr1	3200000	3300000	chr1_3200000_3300000	1644	762	556	576	526	734	731	509	383	540	757	620	2060	1705	1175	1425	1042	1720	1714	905	1117	1077	1105	2056
chr1	3300000	3400000	chr1_3300000_3400000	1375	752	823	727	654	857	862	755	789	683	966	743	1543	1498	1110	1159	959	1521	1316	915	1034	955	1001	1810
chr1	3400000	3500000	chr1_3400000_3500000	2697	1533	1416	1499	1425	1787	1685	1317	1272	1195	1749	1434	3004	2701	1811	2142	1675	2630	2357	1572	1766	1687	1746	3275
chr1	3500000	3600000	chr1_3500000_3600000	1060	434	344	351	331	343	293	128	97	136	263	162	1072	887	602	730	579	823	808	481	520	530	550	1049
chr1	3600000	3700000	chr1_3600000_3700000	2469	1841	1914	1661	1443	2194	1785	1844	1471	1497	1632	1497	2544	2170	1521	1664	1238	2052	1980	1161	1445	1280	1215	2491
chr1	3700000	3800000	chr1_3700000_3800000	2987	1890	1853	1872	1505	2172	1730	1216	987	1244	1523	1294	2325	1910	1330	1586	1175	1728	1657	912	1097	1038	1088	2060
chr1	3800000	3900000	chr1_3800000_3900000	8602	6315	6740	6628	5981	8447	8264	7357	5833	7128	9365	7984	5105	5141	3340	3805	3102	5287	5031	3151	3765	3689	3712	6909
chr1	3900000	4000000	chr1_3900000_4000000	8659	5927	5839	5860	5113	7231	5939	5982	4754	5262	7023	5780	4831	4755	3322	3597	2988	5134	4363	3066	3532	3294	3562	6434
chr1	4000000	4100000	chr1_4000000_4100000	15233	10833	11492	10870	10034	13327	10639	10787	8626	9524	11859	10001	8309	7959	5491	6226	5098	8347	6992	4888	5952	5302	5572	10481
chr1	4100000	4200000	chr1_4100000_4200000	28588	24367	27696	24034	24231	32228	21217	24043	20235	21226	25027	21631	15311	16276	11926	11998	10998	17635	13098	10253	12104	10463	11669	20784
chr1	4200000	4300000	chr1_4200000_4300000	33091	25830	27800	25604	24154	33111	22389	24969	21259	21392	28035	23494	20161	21688	15898	15614	14293	23638	16887	13668	16131	14015	16077	27758
chr1	4300000	4400000	chr1_4300000_4400000	25551	19927	21702	19608	18800	25595	21402	24652	20915	20920	26162	22530	12908	13462	9618	9822	8775	14509	12497	9701	11327	10039	11143	19690
chr1	4400000	4500000	chr1_4400000_4500000	21958	17077	17989	16791	16032	21814	20189	22263	18367	19441	25845	21243	12307	12836	9297	9400	8480	13755	13569	10682	12535	11057	12773	21757
chr1	4500000	4600000	chr1_4500000_4600000	20863	15083	14449	14583	13249	18497	16833	17457	14188	15835	19209	16757	9952	10427	7191	7629	6827	11072	9820	7346	8657	7872	8469	15314
chr1	4600000	4700000	chr1_4600000_4700000	4924	3584	3797	3524	3279	4428	2701	2931	2685	2569	2782	2554	3117	2786	1914	2183	1674	2824	2388	1392	1747	1644	1498	3006
chr1	4700000	4800000	chr1_4700000_4800000	1822	935	834	785	610	1085	796	886	587	793	686	809	1792	1321	884	1073	785	1122	1288	687	845	872	764	1599
chr1	4800000	4900000	chr1_4800000_4900000	2465	1412	1534	1568	1208	1814	1103	1297	944	1204	1202	1155	2206	1728	1153	1396	1075	1700	1761	937	1175	1129	973	2090
chr1	4900000	5000000	chr1_4900000_5000000	3002	2026	2123	1911	1849	2534	2350	3472	3066	2880	2953	2667	2722	2351	1672	1812	1490	2537	2464	1782	1937	1891	1877	3589
chr1	5000000	5100000	chr1_5000000_5100000	4117	2701	2230	2365	2007	3010	3662	3149	2203	2954	3612	3258	3324	2725	1835	2282	1694	2730	2872	1690	1972	1933	1883	3669
chr1	5100000	5200000	chr1_5100000_5200000	2584	1289	1394	1207	1087	1549	1118	1033	1008	865	1014	928	2036	1484	1008	1205	914	1478	1495	898	1006	962	998	1867
chr1	5200000	5300000	chr1_5200000_5300000	3460	2150	2277	2244	2045	2746	2331	2383	1898	2151	2459	2161	2643	1988	1385	1751	1317	2080	2035	1136	1483	1282	1340	2713
chr1	5300000	5400000	chr1_5300000_5400000	3590	2003	1304	1606	1148	1809	2117	1665	987	1616	1994	1847	2890	2235	1486	1949	1385	2133	2240	1234	1446	1469	1292	2772
chr1	5400000	5500000	chr1_5400000_5500000	4329	2756	2473	2432	2206	3066	2423	2297	1812	1984	2285	2128	3514	3157	2150	2467	1907	3108	2559	1781	2162	1943	1998	3714
chr1	5500000	5600000	chr1_5500000_5600000	1979	1343	1280	1033	812	1357	794	599	539	631	708	565	2179	1659	1037	1468	1040	1643	1578	829	961	1007	828	1787
chr1	5600000	5700000	chr1_5600000_5700000	3253	2243	2688	2158	1898	3262	1680	1281	1067	1270	1717	1327	3395	3028	2069	2435	1915	3101	2341	1625	1883	1838	1826	3341
chr1	5700000	5800000	chr1_5700000_5800000	3797	2480	1948	2054	1639	2583	2014	1506	1047	1659	2129	1919	3395	3097	2094	2409	1892	2975	2832	1906	2201	2139	2149	3883
chr1	5800000	5900000	chr1_5800000_5900000	2686	1592	1595	1759	1294	1917	1596	1396	1091	1282	1679	1395	2872	2434	1601	1930	1495	2540	2290	1292	1508	1534	1518	2945
chr1	5900000	6000000	chr1_5900000_6000000	4513	2829	2878	2857	2605	3381	2353	2096	1694	1992	2663	2142	3147	2836	1831	2208	1779	2875	2494	1575	1770	1806	1888	3349
chr1	6000000	6100000	chr1_6000000_6100000	1721	1086	1220	931	863	1254	1197	1485	1306	1266	1375	1203	1620	1355	901	1074	885	1288	1360	925	970	1004	1037	1839
chr1	6100000	6200000	chr1_6100000_6200000	3419	2172	1665	1894	1554	2188	1573	1593	1255	1474	1717	1493	3339	2845	1898	2295	1764	2773	2654	1591	1800	1796	1764	3344
chr1	6200000	6300000	chr1_6200000_6300000	4073	2706	2702	2568	2413	3116	2288	2234	1819	2039	2661	2240	4795	4928	3473	3663	3237	5413	3561	2848	3327	2872	3304	5671
chr1	6300000	6400000	chr1_6300000_6400000	2293	1166	1115	1094	1016	1312	1509	1353	1146	1308	1687	1363	2016	1806	1310	1443	1263	1984	1706	1041	1270	1259	1309	2384
chr1	6400000	6500000	chr1_6400000_6500000	3974	2382	1682	1845	1625	2170	2701	2444	1934	2384	3076	2495	2752	2160	1493	1808	1415	2199	2615	1417	1684	1681	1673	3201
chr1	6500000	6600000	chr1_6500000_6600000	4858	3221	2226	2738	2304	3259	3626	2238	1494	2757	3928	3014	3899	3027	2161	2666	1978	3236	3798	1718	2120	2342	2258	4367
chr1	6600000	6700000	chr1_6600000_6700000	2351	1268	980	950	702	1232	1085	752	567	802	897	876	2126	1623	991	1383	961	1436	1799	992	1142	1168	1140	2181
chr1	6700000	6800000	chr1_6700000_6800000	1973	807	465	560	460	637	541	387	324	377	549	409	1407	1092	719	923	647	1060	910	505	599	559	616	1195
chr1	6800000	6900000	chr1_6800000_6900000	3869	2385	2235	2018	1967	2730	1791	1624	1290	1446	2122	1608	3439	3462	2475	2570	2143	3416	2592	1887	2177	2025	2250	3899
chr1	6900000	7000000	chr1_6900000_7000000	3423	2436	2441	2184	1965	2812	2049	2207	1637	2246	2144	2099	4177	4047	2768	3031	2500	4010	3437	2337	2678	2465	2617	4779
chr1	7000000	7100000	chr1_7000000_7100000	2388	1435	1182	1122	904	1558	791	643	642	751	672	577	1935	1644	1019	1230	921	1489	1549	759	922	971	808	1732
chr1	7100000	7200000	chr1_7100000_7200000	3119	1542	1147	1252	990	1444	1519	1152	922	1165	1418	1168	2184	1697	1279	1449	1152	1785	1778	1087	1235	1122	1238	2282
chr1	7200000	7300000	chr1_7200000_7300000	3481	2115	1653	1806	1434	2204	1728	1276	778	1380	1486	1439	2855	2224	1490	1804	1380	2171	2275	1261	1502	1534	1293	2851
chr1	7300000	7400000	chr1_7300000_7400000	4558	2794	2263	2527	2024	2976	2206	1867	1549	1954	1986	1897	3122	2524	1638	2055	1478	2272	2495	1432	1560	1662	1490	3224
chr1	7400000	7500000	chr1_7400000_7500000	1918	760	793	758	583	818	866	737	650	730	740	726	1821	1316	849	1061	744	1269	1412	774	868	874	781	1578
chr1	7500000	7600000	chr1_7500000_7600000	2781	1268	1006	1066	982	1199	890	786	647	713	1075	857	2544	1972	1277	1588	1225	1971	1573	984	1071	1107	1117	2045
chr1	7600000	7700000	chr1_7600000_7700000	7733	4588	5409	5160	4913	6121	4385	4249	3347	3854	4891	4349	4269	3875	2671	2910	2489	4067	3006	1816	2154	2149	2230	4148
chr1	7700000	7800000	chr1_7700000_7800000	1874	793	535	599	522	625	614	380	281	390	604	434	2083	1605	1121	1334	1002	1755	1392	786	1029	885	992	1794
chr1	7800000	7900000	chr1_7800000_7900000	2785	1320	1146	1187	1023	1374	1196	982	819	854	1318	1007	2261	2073	1607	1586	1417	2082	1969	1265	1471	1383	1475	2653
chr1	7900000	8000000	chr1_7900000_8000000	2399	1648	1309	1351	1040	1807	1555	1443	1138	1406	1515	1587	2675	2322	1585	1860	1424	2397	2484	1451	1740	1731	1622	3140
chr1	8000000	8100000	chr1_8000000_8100000	4624	2736	1998	2403	1888	2532	2257	1364	1103	1537	2051	1729	4298	3327	2320	2683	2146	3414	3174	1790	2231	2193	2076	4024
chr1	8100000	8200000	chr1_8100000_8200000	5025	3146	2670	2675	1822	3080	3161	2621	2004	2812	2665	2592	4547	3475	2380	2868	2083	3331	3542	1816	2254	2340	2073	4314
chr1	8200000	8300000	chr1_8200000_8300000	8826	6596	6776	6466	5834	7880	4750	4180	3460	4257	4806	4140	6129	5793	3804	4545	3509	5639	3691	2235	2795	2579	2599	4920
chr1	8300000	8400000	chr1_8300000_8400000	3858	2847	2592	2698	2525	3220	3305	2802	2101	2721	3675	3002	3879	3271	2296	2612	2102	3382	3296	2103	2383	2367	2431	4548
chr1	8400000	8500000	chr1_8400000_8500000	3298	1481	1251	1453	1352	1517	1895	1814	1066	1838	2123	1825	1316	942	686	790	605	942	1293	613	700	749	756	1508
chr1	8500000	8600000	chr1_8500000_8600000	4198	2863	2767	2580	2417	3450	3576	3339	2782	3267	4317	3251	2875	2373	1556	1911	1596	2319	2825	1614	1837	1728	2000	3769
chr1	8600000	8700000	chr1_8600000_8700000	6791	4586	3020	3719	3058	4197	3888	3174	2174	3275	4113	3410	4392	3418	2219	2802	2005	3146	3382	2026	2205	2305	2141	4476
chr1	8700000	8800000	chr1_8700000_8800000	4359	2555	1613	1837	1547	2080	1696	1285	826	1173	1649	1322	3218	2704	1704	2071	1563	2416	2317	1312	1450	1520	1447	2852
chr1	8800000	8900000	chr1_8800000_8900000	3245	1560	1041	1157	934	1245	1983	1334	930	1246	2010	1648	2051	1644	1104	1271	1046	1592	1622	933	1123	1106	1274	2154
chr1	8900000	9000000	chr1_8900000_9000000	4139	2169	1656	2068	1441	2181	2910	2376	1694	2426	2749	2581	3614	2870	1893	2391	1655	2866	2754	1667	1992	1936	1775	3568
chr1	9000000	9100000	chr1_9000000_9100000	6138	4311	4167	4468	3882	5145	3314	3732	2899	3328	3788	3247	4403	4092	2780	3073	2663	3914	3189	2161	2499	2375	2434	4542
chr1	9100000	9200000	chr1_9100000_9200000	3076	2060	1665	1711	1438	2119	1620	1347	962	1206	1638	1385	3163	2815	1731	2199	1693	2611	2496	1620	1724	1694	1760	3293
chr1	9200000	9300000	chr1_9200000_9300000	2744	1408	1463	1291	1191	1695	1411	1251	1058	1148	1560	1275	2352	2038	1455	1617	1264	2062	1940	1155	1425	1316	1350	2543
chr1	9300000	9400000	chr1_9300000_9400000	1845	1261	1387	1259	1293	1593	857	696	574	669	978	795	2616	2476	1801	1895	1636	2537	1909	1429	1619	1468	1807	2960
chr1	9400000	9500000	chr1_9400000_9500000	7510	3683	3891	3601	3492	4227	5873	6091	5836	5089	8002	6035	3578	3431	2310	2566	2245	3375	4167	3297	3695	3341	4117	6806
chr1	9500000	9600000	chr1_9500000_9600000	2308	1475	1589	1699	1337	1958	1652	1660	1087	1655	1929	1588	1951	1612	1131	1305	999	1646	1615	1016	1111	1119	1090	2239
chr1	9600000	9700000	chr1_9600000_9700000	2835	1509	1375	1455	1141	1795	1227	1432	1150	1248	1405	1238	2257	2034	1295	1582	1234	1827	1607	912	1114	1028	1133	1962
chr1	9700000	9800000	chr1_9700000_9800000	3927	2454	2143	2357	1974	2671	2710	2129	1521	2153	2956	2298	2976	2543	1674	2046	1649	2390	2532	1466	1749	1753	1542	3156
chr1	9800000	9900000	chr1_9800000_9900000	3101	2207	1696	1871	1497	2140	1910	1566	1016	1635	1807	1613	3111	2749	1862	2192	1723	2670	2351	1446	1647	1581	1651	2924
chr1	9900000	10000000	chr1_9900000_10000000	2360	1457	1205	1317	1175	1658	1439	1391	1138	1321	1513	1262	1985	1577	1076	1267	1020	1586	1796	1093	1275	1219	1189	2353
chr1	10000000	10100000	chr1_10000000_10100000	2768	1513	1502	1435	1066	1803	1189	1063	861	1084	1067	1069	3224	2646	1684	2053	1568	2605	2189	1294	1447	1507	1252	2710
chr1	10100000	10200000	chr1_10100000_10200000	8302	5883	4914	5310	4311	6443	4648	4139	3027	4046	4522	4228	4939	4110	2584	3321	2436	3716	3812	2141	2304	2522	2347	4685
chr1	10200000	10300000	chr1_10200000_10300000	4831	2669	2207	2339	1773	2680	2418	1939	1360	1930	2361	1932	3427	2489	1678	2128	1534	2308	2394	1175	1465	1548	1377	2760
chr1	10300000	10400000	chr1_10300000_10400000	1887	550	236	303	219	266	370	156	167	187	335	219	910	611	418	537	368	625	642	274	364	396	379	744
chr1	10400000	10500000	chr1_10400000_10500000	4750	3054	2387	2658	2073	3064	2670	2327	1688	2337	2437	2206	4097	3510	2300	2834	2118	3344	3317	1936	2120	2251	1965	4160
chr1	10500000	10600000	chr1_10500000_10600000	8411	6027	5166	5342	4565	6459	4736	4232	3251	4206	4964	3989	6003	4873	3104	4034	2902	4583	3912	2306	2624	2812	2333	4975
chr1	10600000	10700000	chr1_10600000_10700000	3459	2235	2269	2155	1816	2678	2730	2117	1674	2352	2375	2201	2568	2054	1385	1605	1188	2016	2280	1227	1525	1489	1438	2692
chr1	10700000	10800000	chr1_10700000_10800000	1563	956	997	927	707	1123	897	1029	761	1014	906	775	1586	1240	767	964	723	1165	1242	658	762	804	812	1463
chr1	10800000	10900000	chr1_10800000_10900000	6145	4401	3630	3936	3239	4611	3920	3921	2815	3551	4580	3738	4637	3755	2438	3018	2261	3607	3881	2279	2622	2539	2554	4865
chr1	10900000	11000000	chr1_10900000_11000000	5993	4102	3426	3776	2973	4288	3900	3357	2673	3252	4000	3185	5152	4293	2825	3447	2537	4207	4133	2518	2862	2921	2731	5163
chr1	11000000	11100000	chr1_11000000_11100000	7652	5024	4282	4246	3289	5652	3969	3215	2402	3334	3122	2977	5225	3770	2559	3247	2079	3558	3873	1933	2383	2542	1996	4152
chr1	11100000	11200000	chr1_11100000_11200000	8340	6834	6701	6374	5225	8042	5778	5417	3833	5088	6299	5240	7281	6358	4334	5036	3664	6331	5371	3225	3924	3663	3400	6838
chr1	11200000	11300000	chr1_11200000_11300000	3755	2715	2748	2628	2128	3404	1821	1800	1356	1817	1635	1622	3025	2389	1535	1989	1412	2203	2354	1224	1560	1537	1376	2774
chr1	11300000	11400000	chr1_11300000_11400000	2688	1456	1579	1469	1325	1634	1890	2002	1732	1684	2127	1728	2924	2335	1656	1928	1538	2421	2318	1353	1597	1503	1700	3097
chr1	11400000	11500000	chr1_11400000_11500000	6524	3839	2801	3332	2689	3803	3000	2324	1686	2412	3096	2610	4056	3587	2466	2933	2227	3699	2784	1671	1997	1867	1942	3716
chr1	11500000	11600000	chr1_11500000_11600000	4189	3384	3236	2720	2423	3891	1607	1997	1667	2132	1564	1607	3766	3021	1974	2472	1761	2863	2654	1518	1611	1756	1435	3198
chr1	11600000	11700000	chr1_11600000_11700000	4617	2496	2783	2825	2350	3003	2339	2325	1684	2229	2321	2252	3981	3310	2306	2625	1997	3253	2857	1706	1863	2029	1871	3710
chr1	11700000	11800000	chr1_11700000_11800000	6146	4269	3759	4048	3235	4556	3338	3057	2126	3210	2410	2803	6522	5201	3482	4227	3018	4937	5039	2790	3386	3233	2775	5710
chr1	11800000	11900000	chr1_11800000_11900000	5413	3361	2766	2931	2380	3509	2954	2182	1539	2176	3164	2412	4298	3587	2430	2883	2131	3449	3130	1831	2273	2174	2152	4056
chr1	11900000	12000000	chr1_11900000_12000000	1530	1212	1085	693	746	1436	927	949	751	976	824	916	2177	1856	1226	1543	1092	1839	1906	1057	1228	1198	1210	2340
chr1	12000000	12100000	chr1_12000000_12100000	6864	3656	2889	3401	2413	3859	3696	2237	1462	2467	2471	2625	4542	3338	2305	2812	2014	3129	3362	1703	1987	2169	1496	3718
chr1	12100000	12200000	chr1_12100000_12200000	8000	5861	4452	4618	3916	5717	4797	3742	2536	3964	4515	3890	5976	4845	3143	4013	2803	4553	4988	2625	3105	3119	2812	5700
chr1	12200000	12300000	chr1_12200000_12300000	2364	1252	755	888	664	942	914	551	367	668	876	800	1847	1366	892	1094	792	1329	1418	613	854	835	832	1594
chr1	12300000	12400000	chr1_12300000_12400000	4526	2946	2546	2651	2027	3258	3087	2487	1753	2472	2469	2642	4093	3265	2188	2633	1910	3115	3395	1800	2123	2262	2089	4085
chr1	12400000	12500000	chr1_12400000_12500000	3736	2349	1941	2100	1539	2225	2118	1518	959	1734	1963	1776	3017	2237	1462	1835	1329	2067	2008	1066	1160	1367	1097	2374
chr1	12500000	12600000	chr1_12500000_12600000	9256	6069	5400	5287	4404	6549	4420	3483	2516	3639	3839	3498	5598	4632	2975	3795	2686	4346	3676	1869	2195	2361	2008	4367
chr1	12600000	12700000	chr1_12600000_12700000	5906	4113	3813	3638	3372	4673	2999	3199	2146	2883	2904	2697	3812	3186	2095	2516	1903	2925	2969	1621	1832	1946	1714	3462
chr1	12700000	12800000	chr1_12700000_12800000	10390	7625	6262	6539	5446	7705	6363	5237	3752	5481	5724	5489	7299	6186	3941	5059	3538	5772	5593	3172	3893	3687	3444	7031
chr1	12800000	12900000	chr1_12800000_12900000	3509	1773	1421	1112	826	1596	1327	869	716	1017	998	884	2137	1413	922	1241	774	1302	1316	614	781	781	656	1406
chr1	12900000	13000000	chr1_12900000_13000000	3329	1935	1701	1602	1571	2101	1124	942	830	956	1160	977	2961	2428	1645	1876	1461	2440	1562	951	1108	1033	1060	1872
chr1	13000000	13100000	chr1_13000000_13100000	4135	2849	2490	2602	2218	3196	2936	3106	2268	3056	2700	2787	3757	3253	2018	2464	1967	2903	3094	1964	2172	2238	2055	4178
chr1	13100000	13200000	chr1_13100000_13200000	2780	1674	901	1109	888	1222	1208	1010	743	1051	1025	907	2137	1624	1107	1407	963	1565	1655	1022	1225	1110	1030	2133
chr1	13200000	13300000	chr1_13200000_13300000	967	497	292	262	256	359	394	240	199	275	275	288	1563	1165	762	941	658	1047	1310	675	782	727	724	1433
chr1	13300000	13400000	chr1_13300000_13400000	1926	1129	816	906	820	1112	785	709	624	731	840	754	2399	2033	1368	1533	1374	2113	1941	1261	1487	1344	1493	2687
chr1	13400000	13500000	chr1_13400000_13500000	5009	2935	2444	2710	2294	3059	2346	1875	1431	1966	2445	1890	4389	3830	2663	3027	2405	3744	3404	2288	2617	2620	2580	4765
chr1	13500000	13600000	chr1_13500000_13600000	4591	3008	2697	2776	2391	3455	2774	2378	1948	2253	3038	2517	3968	3201	2071	2567	1945	2880	3229	1842	2191	2165	2079	3999
chr1	13600000	13700000	chr1_13600000_13700000	5660	4022	4050	3742	3439	4773	3102	3734	2775	3462	3144	2717	4879	3960	2526	3268	2450	3806	3864	2205	2532	2553	2408	4877
chr1	13700000	13800000	chr1_13700000_13800000	3295	1854	1571	1701	1466	1869	1658	1733	1367	1345	1815	1600	2298	1880	1186	1521	1087	1887	1826	972	1190	1191	1097	2277
chr1	13800000	13900000	chr1_13800000_13900000	10426	6816	5846	6380	5204	7558	5555	4796	3393	4928	5291	4874	6533	5158	3259	4233	3216	4840	4778	2686	3063	3334	2925	5879
chr1	13900000	14000000	chr1_13900000_14000000	3421	1814	1682	1658	1288	1965	1543	1522	1057	1389	1131	1321	2717	2091	1371	1665	1145	1954	2186	1083	1383	1335	1171	2454
chr1	14000000	14100000	chr1_14000000_14100000	11633	8197	7175	6926	5928	8851	6258	6654	5422	6082	5640	5405	6733	6034	3912	4588	3576	5799	5431	3229	3719	3631	3483	7013
chr1	14100000	14200000	chr1_14100000_14200000	4126	2319	1288	1690	1162	1943	1375	871	509	991	1108	1086	2540	1698	1116	1568	975	1682	1887	825	1081	1196	904	1982
chr1	14200000	14300000	chr1_14200000_14300000	4711	3602	3215	3224	2745	3944	3265	3218	2131	3224	2889	3318	3966	3161	2133	2574	1917	3060	3023	1761	2127	2060	1984	3875
chr1	14300000	14400000	chr1_14300000_14400000	6604	4591	4110	4532	3812	5190	4762	4199	2871	4032	4661	4341	4670	3963	2621	3173	2341	3874	3740	2196	2737	2601	2438	4847
chr1	14400000	14500000	chr1_14400000_14500000	5756	4420	3768	3844	3035	4750	4165	3773	2921	4085	4048	3702	5602	4593	2893	3567	2536	4311	4343	2369	2860	2892	2435	5073
chr1	14500000	14600000	chr1_14500000_14600000	4495	2152	1605	1943	1423	2035	1968	1554	1183	1435	1950	1790	2301	1873	1235	1496	1049	1776	1867	996	1071	1185	1031	2292
chr1	14600000	14700000	chr1_14600000_14700000	4396	2583	2605	2676	2205	3092	2886	3205	2671	2954	3192	3008	4026	3704	2557	2845	2283	3694	3632	2461	2905	2595	2905	5038
chr1	14700000	14800000	chr1_14700000_14800000	3995	2224	1744	1979	1540	2443	2008	1444	1004	1560	1998	1677	3109	2454	1742	1981	1499	2281	2280	1300	1532	1543	1435	3052
chr1	14800000	14900000	chr1_14800000_14900000	5410	3538	3652	3537	3248	4515	2617	2689	2276	2510	3107	2638	4045	3799	2584	3009	2392	3740	3367	2064	2525	2298	2347	4525
chr1	14900000	15000000	chr1_14900000_15000000	1461	469	364	388	339	459	408	347	357	322	428	294	1336	1125	726	854	629	1091	1229	701	830	777	879	1523
chr1	15000000	15100000	chr1_15000000_15100000	2223	899	615	610	463	735	664	552	495	587	609	526	2110	1773	1179	1358	1067	1699	1693	971	1082	1051	1038	2144
chr1	15100000	15200000	chr1_15100000_15200000	4295	2576	2186	2546	1955	2484	2389	1842	1229	1860	2297	1879	2388	1971	1245	1510	1104	1750	1834	943	1155	1100	1114	2205
chr1	15200000	15300000	chr1_15200000_15300000	2673	1723	1021	1202	948	1458	2139	1308	854	1520	2084	1751	2907	2672	1831	2148	1791	2719	2960	2069	2342	2063	2462	4158
chr1	15300000	15400000	chr1_15300000_15400000	3381	2605	2334	2076	1978	2829	1832	1793	1513	1767	1817	1675	3837	3112	2229	2599	1852	3088	2616	1539	1827	1757	1707	3229
chr1	15400000	15500000	chr1_15400000_15500000	2747	1316	951	1000	779	1209	1127	884	713	896	943	969	2364	1834	1193	1572	1084	1841	1748	950	1123	1188	1051	2162
chr1	15500000	15600000	chr1_15500000_15600000	5888	4021	3767	3878	3397	4455	3636	3544	2697	3231	3671	3343	3240	2562	1664	2131	1553	2417	2700	1497	1746	1789	1690	3445
chr1	15600000	15700000	chr1_15600000_15700000	3145	1734	1103	1535	1140	1622	1418	1128	679	1177	1498	1318	2239	1687	1064	1407	904	1551	1808	852	973	1052	1053	2033
chr1	15700000	15800000	chr1_15700000_15800000	2402	1562	1785	1614	1399	2132	1349	1316	1135	1348	1604	1264	3155	2651	1794	2122	1640	2595	2330	1356	1557	1582	1524	2911
chr1	15800000	15900000	chr1_15800000_15900000	3641	2949	2973	2957	2541	3503	2004	2230	1579	2169	2188	2040	3916	3537	2261	2650	2159	3294	2804	1781	2059	1920	1952	3665
chr1	15900000	16000000	chr1_15900000_16000000	3277	2168	2249	2286	1762	2703	1942	1964	1630	1825	2343	1861	2425	2313	1501	1714	1427	2213	1949	1333	1489	1418	1580	2791
chr1	16000000	16100000	chr1_16000000_16100000	2756	1953	2164	1922	1666	2505	1901	1934	1461	1789	1996	1860	2360	1963	1315	1616	1155	1848	1958	1128	1296	1280	1331	2420
chr1	16100000	16200000	chr1_16100000_16200000	2853	1676	1500	1659	1350	1767	1130	1026	806	1001	1256	944	2153	1931	1323	1485	1220	1899	1692	1208	1314	1278	1336	2396
chr1	16200000	16300000	chr1_16200000_16300000	3187	2069	2484	2372	2081	2877	1916	2403	1976	2155	2414	2048	2618	2004	1391	1563	1228	1861	2122	1120	1345	1398	1397	2709
chr1	16300000	16400000	chr1_16300000_16400000	1852	1338	1600	1388	1487	1635	1274	1365	1017	1290	1515	1207	2452	2012	1431	1623	1280	2071	1857	1160	1285	1350	1371	2509
chr1	16400000	16500000	chr1_16400000_16500000	3020	1703	1591	1656	1147	1800	1454	1248	979	1160	1064	1247	1838	1325	831	1129	758	1304	1690	786	989	1039	868	1824
chr1	16500000	16600000	chr1_16500000_16600000	6888	4249	4365	4451	3751	4939	4121	4229	3530	3879	4844	4078	4314	3559	2286	2813	2076	3378	3494	2074	2309	2433	2304	4566
chr1	16600000	16700000	chr1_16600000_16700000	12825	9582	9555	9562	7977	11787	8964	7601	6007	7629	8853	8195	9708	8938	6077	7108	5444	8905	7223	4631	5298	5103	4857	9463
chr1	16700000	16800000	chr1_16700000_16800000	5114	3100	3028	3133	2367	3500	3319	2947	2123	2776	3873	2790	3846	3391	2187	2557	2007	3273	3182	1790	2223	2269	2090	4037
chr1	16800000	16900000	chr1_16800000_16900000	3177	2026	2240	1926	1601	2560	1886	2022	1673	1999	1879	1971	3284	2827	1970	2258	1668	2782	2715	1686	1877	1824	1805	3545
chr1	16900000	17000000	chr1_16900000_17000000	3271	2092	2017	2128	1874	2445	1841	1485	1036	1504	1917	1622	3209	2662	1748	2063	1562	2536	2144	1299	1402	1456	1363	2632
chr1	17000000	17100000	chr1_17000000_17100000	2203	1627	1583	1299	1086	1755	1561	1439	1188	1538	1242	1446	2924	2094	1531	1859	1320	2110	2327	1252	1495	1496	1305	2748
chr1	17100000	17200000	chr1_17100000_17200000	2614	1661	1576	1529	1201	1899	2068	2235	1631	1988	2177	2090	5703	5034	3394	3821	3171	5104	4636	2904	3379	3223	3447	6135
chr1	17200000	17300000	chr1_17200000_17300000	3853	2421	1728	1938	1591	2280	3170	3018	2325	2827	3623	3061	3245	3054	2095	2369	1895	2901	2672	1635	1965	1881	2068	3706
chr1	17300000	17400000	chr1_17300000_17400000	2198	1205	1076	1108	1032	1376	1112	890	687	817	1222	1062	1821	1429	986	1094	854	1360	1573	934	1186	1034	1095	2055
chr1	17400000	17500000	chr1_17400000_17500000	3734	2317	2387	2423	2105	2860	2581	1764	1244	1755	2665	2146	2369	2241	1579	1749	1412	2428	1702	1050	1206	1182	1199	2339
chr1	17500000	17600000	chr1_17500000_17600000	3054	2282	2176	1999	1840	2689	1483	1512	1180	1445	1507	1295	3716	3163	2235	2512	1910	3198	2841	1717	2019	1887	1871	3639
chr1	17600000	17700000	chr1_17600000_17700000	11195	8969	10795	9295	9200	12113	8829	10724	9264	8472	11234	9453	7395	7489	5595	5461	5035	8096	6045	4829	5583	4931	5544	9803
chr1	17700000	17800000	chr1_17700000_17800000	15488	10611	11403	11353	10078	13866	13176	12598	9962	11725	15312	13303	9042	8678	6249	6428	5434	8971	7692	5502	6542	5890	6146	11476
chr1	17800000	17900000	chr1_17800000_17900000	2400	1493	1634	1581	1538	1820	1879	1735	1564	1542	2209	1835	1734	1422	992	1183	858	1476	1511	985	1133	1112	1165	2115
chr1	17900000	18000000	chr1_17900000_18000000	2496	903	696	760	559	788	667	435	316	477	592	464	2679	2224	1527	1719	1364	2199	1951	1115	1181	1277	1300	2418
chr1	18000000	18100000	chr1_18000000_18100000	6698	3936	3044	3381	2558	3597	4355	2857	2098	3343	3021	3073	4203	3167	2143	2531	1942	3004	3340	1804	2025	2130	1678	3888
chr1	18100000	18200000	chr1_18100000_18200000	3297	2156	1412	1501	1092	1899	1805	1245	989	1481	1519	1503	2774	1943	1341	1675	1083	1872	2204	1062	1198	1242	1160	2487
chr1	18200000	18300000	chr1_18200000_18300000	1707	610	316	351	245	359	444	250	181	233	353	286	1576	1026	639	817	552	864	885	400	541	506	472	935
chr1	18300000	18400000	chr1_18300000_18400000	3224	2340	2047	1980	1498	2588	1684	1458	1236	1430	1535	1460	3201	2745	1774	2090	1610	2806	2453	1352	1636	1556	1532	2896
chr1	18400000	18500000	chr1_18400000_18500000	3653	2296	2399	2124	1848	2697	2171	2082	1635	1900	2313	1876	3110	2595	1824	2058	1696	2622	2498	1372	1733	1591	1642	3128
chr1	18500000	18600000	chr1_18500000_18600000	4053	2637	3127	2740	2451	3343	1734	2201	1896	1818	2208	1876	2780	2743	1843	2034	1827	2843	1935	1296	1564	1415	1445	2773
chr1	18600000	18700000	chr1_18600000_18700000	3358	1086	712	830	708	1003	704	551	515	531	818	575	2260	1897	1297	1441	1274	1945	1575	983	1108	1065	1196	2169
chr1	18700000	18800000	chr1_18700000_18800000	14780	10979	12037	11181	10418	14631	14571	14573	11448	13000	17833	14482	8410	8663	6144	6457	5534	9181	8324	6163	6942	6107	7002	12361
chr1	18800000	18900000	chr1_18800000_18900000	14517	11786	13924	12829	12992	15936	14637	15127	12221	13582	18046	14907	7941	8439	6195	6121	5537	9192	7976	5869	6826	6015	6932	12396
chr1	18900000	19000000	chr1_18900000_19000000	24279	17371	18459	18555	16391	23048	18752	18179	15046	16396	22031	17880	9616	9533	6554	7172	6085	9978	8781	5766	6615	6423	6815	12449
chr1	19000000	19100000	chr1_19000000_19100000	16776	11789	11566	11170	10154	14134	12569	12175	9737	10801	15264	12105	7117	7370	5094	5467	4728	8060	6876	5132	5790	5288	5961	10840
chr1	19100000	19200000	chr1_19100000_19200000	3086	1453	830	1060	751	1234	1602	1147	892	1101	1718	1321	2520	2063	1394	1718	1238	2008	2513	1358	1572	1556	1458	2972
chr1	19200000	19300000	chr1_19200000_19300000	5185	3620	3975	3823	3411	4471	3391	3764	3111	3347	4438	3367	4352	3914	2732	3096	2459	3834	2990	1920	2279	2159	2283	4173
chr1	19300000	19400000	chr1_19300000_19400000	2752	1662	1916	1868	1584	2314	1520	1560	1220	1354	1675	1519	3432	3059	2019	2429	1876	2907	2606	1640	1951	1780	1881	3409
chr1	19400000	19500000	chr1_19400000_19500000	6937	5380	4979	4732	4180	5978	4077	4175	3518	4068	4248	4150	5610	4923	3464	3949	3061	4892	4205	2789	3249	3100	2919	5733
chr1	19500000	19600000	chr1_19500000_19600000	2545	1106	1223	1113	1019	1326	1057	788	643	890	1042	882	1831	1251	764	1021	722	1230	1591	772	925	898	824	1766
chr1	19600000	19700000	chr1_19600000_19700000	2681	1338	985	978	795	1125	1818	1546	1081	1561	1936	1488	2124	1749	1270	1424	1131	1763	2020	1086	1366	1386	1261	2491
chr1	19700000	19800000	chr1_19700000_19800000	5338	3801	2805	2884	2171	3581	2964	2190	1487	2366	2537	2248	4218	3050	2096	2707	1764	2891	3329	1612	1944	1950	1849	3632
chr1	19800000	19900000	chr1_19800000_19900000	3647	1832	1501	1543	1335	1776	1900	1581	1125	1393	2004	1510	3148	2620	1685	2084	1479	2473	2384	1300	1522	1541	1400	2819
chr1	19900000	20000000	chr1_19900000_20000000	4847	4062	3808	3457	3011	4545	3653	3494	2928	3507	3576	3424	4570	3752	2604	2972	2269	3726	3427	1994	2348	2282	2156	4284
chr1	20000000	20100000	chr1_20000000_20100000	2417	1131	1053	1051	783	1317	1144	880	642	866	1156	990	2537	1769	1089	1442	1076	1711	1973	938	1054	1192	1018	2158
chr1	20100000	20200000	chr1_20100000_20200000	25319	21964	24620	22678	22071	29312	19074	22425	18997	19746	23306	20621	15964	16358	11767	12024	10643	17328	12778	9508	10812	9846	10380	19604
chr1	20200000	20300000	chr1_20200000_20300000	12459	8417	8744	8514	7989	10533	6463	5643	4755	5314	7306	6078	5814	5802	4199	4318	3768	6190	4523	3071	3510	3308	3449	6276
chr1	20300000	20400000	chr1_20300000_20400000	3375	2328	1699	1544	1370	2125	1796	1241	1038	1157	1561	1448	3373	2753	1870	2214	1627	2671	2402	1209	1572	1541	1447	2807
chr1	20400000	20500000	chr1_20400000_20500000	5948	4084	4582	4547	3853	5356	3590	3619	3263	3050	4167	3364	4359	4106	2785	3099	2486	4062	3177	2046	2515	2257	2503	4630
chr1	20500000	20600000	chr1_20500000_20600000	7237	5106	5861	5352	4899	7328	3647	2954	2533	3180	3707	3292	5701	5558	3925	4260	3417	5507	3884	2541	2977	2773	2970	5207
chr1	20600000	20700000	chr1_20600000_20700000	5436	3525	3632	3706	3359	4459	3068	3029	2552	2696	3897	3036	3203	2842	2039	2192	1932	3048	2190	1367	1708	1578	1708	3119
chr1	20700000	20800000	chr1_20700000_20800000	7511	5084	5020	5501	4279	6303	3683	3282	2541	3216	3946	3475	6094	5484	3602	4184	3187	5387	4054	2442	2891	2829	2724	5317
chr1	20800000	20900000	chr1_20800000_20900000	3267	1448	1516	1441	1213	1712	1283	1070	960	967	1187	1012	2450	1754	1230	1488	983	1742	1901	993	1181	1158	1185	2303
chr1	20900000	21000000	chr1_20900000_21000000	3798	2121	2326	2145	2062	2643	1778	1926	1799	1554	2326	1939	3192	2740	1895	2181	1824	2825	2443	1460	1750	1699	1837	3353
chr1	21000000	21100000	chr1_21000000_21100000	2019	1080	992	971	823	1205	1114	901	807	930	1115	1025	2462	2261	1618	1744	1433	2362	2167	1450	1609	1507	1504	2864
chr1	21100000	21200000	chr1_21100000_21200000	2477	1465	1626	1584	1353	1944	1316	1260	1086	1172	1825	1262	2803	2533	1757	1866	1567	2567	2237	1398	1473	1518	1607	3090
chr1	21200000	21300000	chr1_21200000_21300000	6684	4779	4832	4399	4282	5597	4366	4517	3792	4248	4917	4293	4886	4736	3103	3592	3003	4706	4185	2794	3334	3068	3502	5988
chr1	21300000	21400000	chr1_21300000_21400000	5267	3028	2835	2982	2305	3647	2921	2604	2062	2570	2897	2621	3483	2880	1974	2285	1735	2855	2661	1392	1774	1803	1529	3163
chr1	21400000	21500000	chr1_21400000_21500000	3387	1959	2198	2220	1896	2709	2086	1892	1523	1756	2427	1888	3347	2808	2039	2185	1796	2932	2588	1565	1901	1768	1901	3495
chr1	21500000	21600000	chr1_21500000_21600000	5600	3906	4343	4395	4123	5041	1391	1298	1016	1225	1592	1353	3113	2767	1841	2125	1813	2773	1729	967	1126	1112	1113	2198
chr1	21600000	21700000	chr1_21600000_21700000	4715	3518	3768	3481	3150	4432	2630	3389	2868	3160	2577	2654	4647	4069	2681	3184	2374	3894	3602	2051	2609	2484	2277	4351
chr1	21700000	21800000	chr1_21700000_21800000	9882	6938	6559	7102	5457	8336	7214	6968	5792	6827	7278	6748	7622	5994	4139	4917	3415	5857	6490	3497	4494	4374	3593	7706
chr1	21800000	21900000	chr1_21800000_21900000	5241	3325	2317	2700	2080	3133	3812	3499	2654	3406	3835	3504	4114	3101	2166	2647	1827	3000	3867	2273	2601	2650	2365	4792
chr1	21900000	22000000	chr1_21900000_22000000	4231	2368	2200	2144	1719	2638	1687	1624	1497	1556	1789	1602	4106	3573	2343	2937	2181	3420	2988	1714	2009	1927	1868	3656
chr1	22000000	22100000	chr1_22000000_22100000	4193	3103	3150	2956	2718	3935	1726	1839	1547	1893	1915	1734	3627	3233	2195	2517	1951	3142	2279	1428	1731	1556	1686	3018
chr1	22100000	22200000	chr1_22100000_22200000	3512	1624	1005	1266	953	1477	1550	1346	1058	1279	1660	1453	1884	1462	1052	1251	979	1524	1700	1055	1246	1213	1221	2322
chr1	22200000	22300000	chr1_22200000_22300000	11642	9452	10648	9477	8651	12481	9069	9291	7885	8235	9563	8269	8343	7648	5437	5736	4728	7769	6881	4572	5490	4939	4926	9540
chr1	22300000	22400000	chr1_22300000_22400000	15665	11467	11970	11497	10123	14264	10983	10088	8637	9628	11502	10239	7538	6852	4826	5483	4077	7174	5871	3681	4667	4073	4017	8090
chr1	22400000	22500000	chr1_22400000_22500000	15425	10552	10139	10203	8852	12953	9401	8873	7504	8417	9931	8683	11191	10420	7122	8001	6570	10530	8305	5650	6624	6237	6171	11755
chr1	22500000	22600000	chr1_22500000_22600000	3452	2152	2373	2310	1915	2637	2256	2766	2494	2487	2449	2187	3362	3188	2203	2409	2163	3395	3040	2128	2483	2328	2560	4501
chr1	22600000	22700000	chr1_22600000_22700000	7835	5878	5068	5328	4022	6697	4906	4329	3766	4822	4183	4153	6711	5485	3864	4485	3199	5682	5907	3331	4222	3984	3454	7044
chr1	22700000	22800000	chr1_22700000_22800000	11544	9139	9936	8831	8440	11459	10674	12452	10711	10489	13641	11112	8084	8482	6270	6305	5375	8974	8072	6420	7341	6449	7309	13012
chr1	22800000	22900000	chr1_22800000_22900000	8858	6244	5890	6143	4698	7438	5837	5156	4213	4891	6121	5361	5361	4759	3357	3722	2869	4870	4580	2784	3436	3221	3173	6122
chr1	22900000	23000000	chr1_22900000_23000000	3065	1587	1150	1539	1128	1700	1525	1256	884	1176	1463	1255	3014	2437	1712	2007	1458	2305	2223	1268	1513	1446	1384	2646
chr1	23000000	23100000	chr1_23000000_23100000	7385	4970	4718	4835	4466	5743	5278	4916	3857	4278	6279	4869	4464	4204	2824	3198	2582	4195	3545	2362	2898	2631	2924	5195
chr1	23100000	23200000	chr1_23100000_23200000	2750	1775	1487	1348	1258	1686	1171	1117	786	970	1023	977	2650	1987	1400	1679	1247	1975	2240	1130	1411	1350	1237	2345
chr1	23200000	23300000	chr1_23200000_23300000	8442	5470	5257	5247	4197	6340	4684	3909	2819	3968	4271	4042	8014	6628	4421	5424	3722	6330	5536	3164	3641	3628	3313	6487
chr1	23300000	23400000	chr1_23300000_23400000	4485	2541	2716	2734	2160	3197	2384	2158	1664	2261	2196	2067	4537	3558	2491	2898	2104	3514	3444	1867	2408	2377	1991	4168
chr1	23400000	23500000	chr1_23400000_23500000	3387	1556	1481	1452	1276	1825	1531	1323	1144	1234	1706	1428	3046	2595	1694	2076	1723	2597	2340	1450	1735	1633	1791	3369
chr1	23500000	23600000	chr1_23500000_23600000	3491	2145	1920	2036	1686	2247	1897	1501	1158	1612	1868	1650	2244	1747	1186	1373	1040	1665	1627	761	909	936	901	1842
chr1	23600000	23700000	chr1_23600000_23700000	6864	4939	4547	4235	3942	5660	4348	4750	3985	4249	4729	4212	5346	4999	3738	3981	3237	5119	4913	3388	4119	3619	3816	6823
chr1	23700000	23800000	chr1_23700000_23800000	9406	6997	7897	7608	7482	9316	8613	8525	7232	7715	11472	9135	5183	5353	3783	4058	3616	5782	4791	3696	4228	3848	4418	7646
chr1	23800000	23900000	chr1_23800000_23900000	3934	2403	2219	2127	2171	2742	4566	4974	3953	4257	5667	4521	3278	2910	2019	2327	1890	3258	3461	2387	2744	2572	2773	5066
chr1	23900000	24000000	chr1_23900000_24000000	12381	9222	9035	8843	7349	11198	11643	11096	8991	10764	12267	11376	7228	6611	4749	5215	3913	6724	7880	4994	6194	5778	5555	10965
chr1	24000000	24100000	chr1_24000000_24100000	26278	19144	20328	19652	18325	24514	23878	23866	19389	21654	30045	23625	12189	12586	8963	9352	8163	13533	12251	9637	11121	9890	11274	19806
chr1	24100000	24200000	chr1_24100000_24200000	19822	15610	17257	15462	14471	20091	18532	19239	15688	17048	22602	18616	10350	10637	7390	7663	7028	11156	11296	8052	9426	8662	9319	16650
chr1	24200000	24300000	chr1_24200000_24300000	13651	9924	11420	10962	10487	13119	12980	12976	11033	11585	15832	12702	7661	7575	5306	5555	4919	7965	7854	5392	6320	5794	6548	11578
chr1	24300000	24400000	chr1_24300000_24400000	18145	13546	14023	13456	12243	17083	19696	18185	15886	17717	21860	18807	9224	9316	6518	6940	6009	10108	10433	7273	8825	8150	8532	15512
chr1	24400000	24500000	chr1_24400000_24500000	10147	7093	6959	7191	6752	8935	10436	10215	8299	9334	12745	10266	5946	5862	3925	4312	3793	6223	6359	4297	5106	4730	5078	9240
chr1	24500000	24600000	chr1_24500000_24600000	13139	10166	10233	9452	9219	12299	13960	12873	10690	12277	16475	13311	8211	8276	5773	6139	5492	8955	8350	5924	6872	6521	7134	12711
chr1	24600000	24700000	chr1_24600000_24700000	10965	7982	6766	7047	5580	8608	7710	6734	5085	6485	7938	6983	7380	6467	4683	5269	4020	6716	5987	3889	4696	4263	4254	8178
chr1	24700000	24800000	chr1_24700000_24800000	1381	746	853	764	725	934	898	916	780	812	979	813	1692	1538	1086	1182	1067	1534	1433	873	1135	1004	1019	1977
chr1	24800000	24900000	chr1_24800000_24900000	3264	2164	1917	1907	1565	2461	1789	1439	1044	1517	1818	1538	2532	2154	1438	1686	1248	2065	2141	1291	1582	1428	1456	2713
chr1	24900000	25000000	chr1_24900000_25000000	2395	1277	1194	1285	1008	1359	1126	1283	1178	1124	1274	1101	2379	1936	1299	1508	1202	1929	1700	1145	1319	1202	1337	2349
chr1	25000000	25100000	chr1_25000000_25100000	2546	1653	1703	1514	1422	2066	932	1073	762	1012	1017	1105	2570	2199	1532	1760	1418	2237	1923	1212	1477	1387	1430	2693
chr1	25100000	25200000	chr1_25100000_25200000	3732	2754	2196	2294	1950	2706	2911	2717	2324	2518	3196	2670	4308	4108	2980	2996	2736	4257	3468	2454	2811	2603	2684	5074
chr1	25200000	25300000	chr1_25200000_25300000	5100	3733	3492	3283	2971	4099	2285	2150	1712	2137	2422	2285	3805	3023	2005	2446	1957	3046	2221	1370	1720	1635	1576	2961
chr1	25300000	25400000	chr1_25300000_25400000	2390	1485	1595	1314	1312	1868	1556	1469	1140	1497	1672	1381	2488	2205	1475	1731	1442	2185	2117	1447	1675	1548	1557	2993
chr1	25400000	25500000	chr1_25400000_25500000	5663	1562	690	948	757	935	1371	802	621	716	1536	915	2737	1939	1389	1614	1329	1971	2056	1162	1360	1270	1467	2804
chr1	25500000	25600000	chr1_25500000_25600000	6257	3666	3705	3236	3186	4331	1810	1807	1686	1616	2468	1974	3856	3484	2394	2679	2153	3690	2611	1657	1900	1843	2133	3705
chr1	25600000	25700000	chr1_25600000_25700000	21150	17054	19575	17183	16115	22965	14678	15581	13548	14060	16723	14769	13570	14159	10588	10554	9109	15358	11147	8011	9777	8878	9152	16731
chr1	25700000	25800000	chr1_25700000_25800000	26628	20226	22816	20656	19511	26580	20188	20063	16459	18642	24418	20231	14111	13800	9806	10481	9163	14851	11521	8394	9789	8927	9700	18068
chr1	25800000	25900000	chr1_25800000_25900000	20782	15871	17988	16416	14873	21409	10500	11886	10704	10412	12628	11168	13067	13716	9810	10209	8977	14515	9211	7249	8457	7503	8289	15051
chr1	25900000	26000000	chr1_25900000_26000000	5051	3064	2638	2831	2258	3440	4071	3769	2834	3411	4691	3792	3302	3023	2112	2450	2042	3269	3335	2019	2447	2369	2523	4730
chr1	26000000	26100000	chr1_26000000_26100000	2711	1653	1414	1632	1292	1821	1261	965	821	1025	1334	1091	1414	1366	927	1009	876	1380	1268	785	1072	925	927	1815
chr1	26100000	26200000	chr1_26100000_26200000	3112	1975	2568	2336	2153	2591	1558	1735	1518	1487	1985	1620	2588	2648	1898	1958	1818	2824	2063	1328	1676	1424	1594	2950
chr1	26200000	26300000	chr1_26200000_26300000	4222	2559	2263	2345	2070	2770	2904	2617	2051	2273	3092	2649	2883	2591	1793	2066	1662	2752	2510	1636	1934	1728	1869	3573
chr1	26300000	26400000	chr1_26300000_26400000	3494	2375	2764	2428	2526	2889	1770	1999	1782	1895	2634	1819	2776	2548	1708	1901	1651	2643	2673	1787	2058	1951	2188	3808
chr1	26400000	26500000	chr1_26400000_26500000	2129	1378	1388	1161	1218	1567	1084	1104	927	1109	1403	1111	2336	2143	1516	1721	1324	2119	1841	1035	1177	1181	1150	2337
chr1	26500000	26600000	chr1_26500000_26600000	1256	643	747	614	569	843	583	495	550	518	613	541	2196	1865	1289	1470	1262	1858	1747	1066	1242	1222	1291	2327
chr1	26600000	26700000	chr1_26600000_26700000	2654	1541	1427	1364	1354	1625	2405	2039	1605	2037	2570	2047	2303	2092	1476	1591	1395	2235	2532	1474	1730	1649	1943	3201
chr1	26700000	26800000	chr1_26700000_26800000	6171	3604	4227	3820	3833	4723	7354	8139	6804	7011	9805	7650	3103	2837	2046	2215	1846	3075	3857	2596	3019	2796	3224	5603
chr1	26800000	26900000	chr1_26800000_26900000	2501	1550	1489	1303	1276	1724	1431	1016	883	1055	1449	1113	2963	2483	1679	1987	1526	2609	2675	1427	1710	1754	1704	3385
chr1	26900000	27000000	chr1_26900000_27000000	4532	2730	2392	2515	2197	3173	3135	2957	2406	2733	3648	2983	2706	2100	1450	1672	1325	2106	2814	1488	1713	1730	1706	3315
chr1	27000000	27100000	chr1_27000000_27100000	4155	2487	2778	2507	2328	3216	2231	2406	2221	2106	2881	2175	3218	2904	2051	2158	1880	2954	2575	1539	1871	1869	2024	3612
chr1	27100000	27200000	chr1_27100000_27200000	4227	2076	1921	1761	1564	2234	3469	3031	2616	3015	4091	3225	3148	2638	1797	2064	1788	2910	3242	1917	2163	2249	2441	4467
chr1	27200000	27300000	chr1_27200000_27300000	3757	1764	1069	1301	923	1468	1358	919	811	999	1336	1170	2453	1952	1283	1573	1221	1901	1797	942	1157	1108	1015	2210
chr1	27300000	27400000	chr1_27300000_27400000	5253	3257	2801	2712	2589	3496	2667	2856	2234	2586	3308	2697	2701	2361	1673	1887	1572	2372	2321	1508	1627	1613	1813	3292
chr1	27400000	27500000	chr1_27400000_27500000	1741	896	607	728	589	891	1292	1084	890	1052	1419	1200	1530	1303	778	980	789	1137	1412	787	868	857	959	1753
chr1	27500000	27600000	chr1_27500000_27600000	1429	729	479	545	443	744	1043	805	713	842	1181	974	1630	1412	1038	1104	892	1522	1561	994	1162	1041	1110	2001
chr1	27600000	27700000	chr1_27600000_27700000	2016	989	966	837	767	1074	880	922	881	864	801	774	1746	1513	997	1144	961	1488	1400	844	983	969	1003	1929
chr1	27700000	27800000	chr1_27700000_27800000	3662	2259	2360	2150	1958	2594	2346	2469	2191	2335	2946	2297	2523	2170	1492	1719	1340	2267	2256	1369	1585	1553	1681	2999
chr1	27800000	27900000	chr1_27800000_27900000	2007	1072	965	980	899	1237	1294	1307	1137	1218	1250	1342	1967	1734	1241	1329	1136	1803	1726	1042	1259	1210	1228	2337
chr1	27900000	28000000	chr1_27900000_28000000	5358	3481	3266	3186	2768	4080	5448	5602	4555	4655	6199	5387	3576	3360	2478	2512	2074	3486	3745	2731	3138	2832	3136	5648
chr1	28000000	28100000	chr1_28000000_28100000	17195	12720	13352	12613	11608	16273	14269	15208	12451	13533	17308	14389	8938	9055	6399	6758	5798	9433	9100	6542	7901	7166	7792	14117
chr1	28100000	28200000	chr1_28100000_28200000	13071	9767	10132	9692	8609	12568	10354	10302	8488	9601	12320	10528	7797	7297	5123	5584	4654	7663	7171	4820	5907	5300	5461	10185
chr1	28200000	28300000	chr1_28200000_28300000	25571	20955	25189	21292	21128	28476	14332	16921	14760	14791	16902	14987	14735	15760	11459	11376	10262	16778	11460	8670	9978	9041	9945	17583
chr1	28300000	28400000	chr1_28300000_28400000	7654	5632	5374	5074	4667	6519	7107	7376	6051	6715	7832	6932	4350	4126	2851	3152	2479	4227	4832	3245	3964	3584	3589	6956
chr1	28400000	28500000	chr1_28400000_28500000	9064	5455	5492	5220	5170	6471	4555	3995	3268	3780	5393	4442	3408	3156	2034	2451	1981	3177	2493	1552	1809	1639	1990	3454
chr1	28500000	28600000	chr1_28500000_28600000	2692	1135	879	920	789	1056	632	506	432	552	690	627	1593	1205	815	1029	789	1184	1214	649	732	772	751	1475
chr1	28600000	28700000	chr1_28600000_28700000	10092	7286	7714	7195	6749	8830	13872	13486	11482	12374	15216	13322	4890	4381	3129	3328	2920	4680	7796	4884	6190	5820	5821	11156
chr1	28700000	28800000	chr1_28700000_28800000	10971	8060	8251	8008	7453	9745	20928	21934	17783	19610	25784	21503	5509	5403	3799	3977	3433	5604	11241	8436	9866	8911	9576	17511
chr1	28800000	28900000	chr1_28800000_28900000	11753	8891	9902	9256	8353	11732	19699	20213	18025	18051	22656	19218	8202	8059	5868	6011	5225	8637	12034	9020	10820	9416	10251	18387
chr1	28900000	29000000	chr1_28900000_29000000	16293	9667	7138	8079	6372	9954	10153	6286	4117	7081	10415	8605	11531	9327	6235	7820	6218	9634	9804	4715	5788	6154	6153	12170
chr1	29000000	29100000	chr1_29000000_29100000	2343	972	616	668	484	741	679	429	320	421	567	431	2463	2109	1480	1742	1409	2197	2000	1084	1290	1334	1452	2535
chr1	29100000	29200000	chr1_29100000_29200000	4770	3339	3294	3199	2870	4084	1835	1575	1319	1513	1777	1503	3165	2950	2025	2264	1764	2967	1833	1233	1439	1318	1367	2577
chr1	29200000	29300000	chr1_29200000_29300000	16142	12229	12498	11751	10866	15018	10967	10744	8841	9374	12289	10549	9278	9179	6526	6842	5670	9512	6847	4710	5564	5246	5570	10173
chr1	29300000	29400000	chr1_29300000_29400000	17031	13599	14325	13730	12080	16656	11742	12679	10648	11378	12896	11728	10080	9803	6950	7418	6037	9977	8210	5618	6774	6209	6205	11790
chr1	29400000	29500000	chr1_29400000_29500000	14148	11046	11729	11335	10077	14173	10936	11529	9970	9938	12733	10907	9177	9273	6516	6846	5963	9557	7189	5431	6365	5594	6068	11204
chr1	29500000	29600000	chr1_29500000_29600000	27231	16457	14203	15170	12601	18532	14307	11827	9465	11251	16740	13146	13310	11367	7721	9128	7525	12288	10324	6086	7246	6984	7752	14337
chr1	29600000	29700000	chr1_29600000_29700000	11206	7396	7720	7369	7136	8748	5894	5716	5187	5299	7973	5709	8047	8104	5924	6042	5581	8773	6692	5102	5860	5298	6700	10649
chr1	29700000	29800000	chr1_29700000_29800000	8694	5832	6627	6042	5869	7660	5623	5973	5166	5322	7445	5921	6562	6335	4379	4785	4123	6502	5265	3666	4327	4055	4567	8136
chr1	29800000	29900000	chr1_29800000_29900000	5721	3507	3489	3599	3194	4148	3764	3904	3184	3506	4060	3431	4279	3759	2498	2873	2299	3734	3304	2172	2490	2351	2380	4546
chr1	29900000	30000000	chr1_29900000_30000000	5001	3536	4222	4010	3065	4550	2759	2764	2256	2708	2340	2302	4717	3797	2734	3201	2413	3897	3579	2196	2561	2440	2324	4397
chr1	30000000	30100000	chr1_30000000_30100000	11149	7517	7043	6758	5873	8688	6610	6112	4867	5989	7190	6281	8125	6938	4923	5679	4389	7263	6159	3831	4576	4295	4346	8282
chr1	30100000	30200000	chr1_30100000_30200000	53575	36670	35585	34464	33940	43535	34978	33708	28731	28499	52794	36742	14761	16169	11061	11255	11151	17053	11434	10120	10629	9637	12899	20678
chr1	30200000	30300000	chr1_30200000_30300000	15862	11583	11973	11350	10064	14590	7372	7481	6717	6770	8278	6998	11224	10621	7480	8078	6512	10948	6786	4631	5435	4935	5156	9486
chr1	30300000	30400000	chr1_30300000_30400000	7318	4472	4509	4503	3764	5695	3739	3632	2829	3657	3763	3491	4805	4155	2858	3246	2539	4138	3386	2075	2593	2323	2343	4476
chr1	30400000	30500000	chr1_30400000_30500000	13675	10170	10678	9769	8606	12615	8942	9126	7506	8391	10193	9109	8396	8477	6083	6526	5436	9034	6565	4888	5827	5335	5641	9947
chr1	30500000	30600000	chr1_30500000_30600000	24851	19424	20614	18955	18406	24391	20187	21321	18172	18795	25005	20390	13687	14925	10510	10502	9854	15703	11450	9336	10640	9619	10824	18851
chr1	30600000	30700000	chr1_30600000_30700000	21700	16227	15542	15906	14774	19565	16208	15048	12183	14176	19845	15375	9380	9383	6563	7199	6126	10017	8601	6084	7257	6738	7332	13105
chr1	30700000	30800000	chr1_30700000_30800000	6223	4057	4061	3959	3473	4947	4181	4097	3231	3773	5362	4161	3036	2857	1929	2279	1751	2969	2566	1725	2004	1971	2054	3661
chr1	30800000	30900000	chr1_30800000_30900000	9406	5777	5066	5436	4009	6434	6009	4401	3737	4629	5186	4991	5619	4653	3177	3723	2910	4696	4466	2663	3113	2988	2829	5599
chr1	30900000	31000000	chr1_30900000_31000000	5575	4763	4432	3744	3023	5312	2729	2611	2133	2544	2108	1965	7052	5708	3939	4680	3225	5736	4785	2562	3285	3281	2526	5541
chr1	31000000	31100000	chr1_31000000_31100000	6595	4720	4714	4526	4172	5758	3757	3914	3159	3508	4294	3756	4675	4061	2748	3107	2421	3882	3205	1904	2225	2165	2230	4094
chr1	31100000	31200000	chr1_31100000_31200000	12575	9343	9977	9592	8659	11789	8870	9192	7514	8449	9961	8327	7791	6617	4505	5383	3950	6620	5686	3461	4187	3869	3537	7149
chr1	31200000	31300000	chr1_31200000_31300000	7854	5605	5484	5601	5025	6817	4577	4405	3223	4396	4630	4380	6486	5510	3794	4390	3298	5391	4769	2790	3427	3337	3266	6206
chr1	31300000	31400000	chr1_31300000_31400000	3429	1982	1984	1793	1549	2295	1523	1335	1303	1215	1674	1471	3735	3344	2307	2627	2090	3355	2696	1757	2030	1938	1939	3730
chr1	31400000	31500000	chr1_31400000_31500000	5893	4519	4405	4368	3873	5430	2290	2289	1706	2348	2415	2312	3671	3092	2164	2474	1968	3070	2425	1508	1761	1648	1674	3097
chr1	31500000	31600000	chr1_31500000_31600000	11944	8467	8357	7966	6667	10215	8198	6749	5629	6508	7812	7137	8105	6716	4416	5333	3960	6731	6134	3641	4294	4332	4099	7872
chr1	31600000	31700000	chr1_31600000_31700000	5284	3069	3025	3188	2675	3481	2670	2672	2027	2640	2861	2525	4153	3724	2358	2821	2402	3698	3283	2048	2471	2298	2319	4509
chr1	31700000	31800000	chr1_31700000_31800000	2216	1318	1016	1159	805	1307	1191	986	789	892	1324	1042	2485	2160	1404	1755	1287	2024	1899	1114	1303	1278	1271	2373
chr1	31800000	31900000	chr1_31800000_31900000	2588	1248	1158	1070	895	1242	962	892	708	848	1127	883	2361	2051	1360	1569	1177	1976	1720	1088	1293	1185	1285	2333
chr1	31900000	32000000	chr1_31900000_32000000	7535	5168	4806	4652	4106	6020	5465	4840	3969	4560	5258	4581	5927	5136	3416	4112	3121	4897	4901	2883	3515	3443	3314	6424
chr1	32000000	32100000	chr1_32000000_32100000	5784	4021	3646	3659	3265	4543	5414	4634	3450	4553	5583	4747	5298	4547	2925	3582	2720	4367	4478	2690	3151	3217	2977	5934
chr1	32100000	32200000	chr1_32100000_32200000	8140	5034	4155	4585	3509	5307	3812	3353	2335	3134	4066	3188	5287	4139	2741	3409	2507	3976	3917	2136	2544	2517	2190	4273
chr1	32200000	32300000	chr1_32200000_32300000	11477	7891	7262	7851	6495	8889	6698	6860	4943	6563	6827	6484	7745	6611	4334	5042	3914	6347	5669	3525	3948	4016	3817	7302
chr1	32300000	32400000	chr1_32300000_32400000	2607	1731	1776	1645	1548	2189	1405	1305	928	1312	1369	1309	2225	1679	1107	1395	987	1631	1760	915	1092	1146	985	2075
chr1	32400000	32500000	chr1_32400000_32500000	1891	877	837	802	777	911	311	246	282	235	253	219	1901	1583	1080	1239	974	1581	1188	669	775	742	729	1464
chr1	32500000	32600000	chr1_32500000_32600000	4295	3746	3583	3496	3296	4421	3023	3242	2247	2965	3375	2910	4292	3654	2401	2854	2292	3664	3297	2062	2277	2187	2216	4159
chr1	32600000	32700000	chr1_32600000_32700000	2726	1603	1060	1109	982	1436	937	843	653	806	1015	848	1862	1482	1067	1240	973	1611	1538	971	1171	1086	1213	2168
chr1	32700000	32800000	chr1_32700000_32800000	1283	404	236	295	251	402	382	291	213	269	387	287	1287	940	580	775	552	890	1034	528	634	629	668	1284
chr1	32800000	32900000	chr1_32800000_32900000	4088	2279	1911	1900	1759	2320	1634	1181	983	1204	1667	1308	3557	3018	1898	2404	1882	2943	2720	1659	2006	1938	1899	3547
chr1	32900000	33000000	chr1_32900000_33000000	3455	2382	1887	1859	1730	2451	1955	1862	1503	1746	2043	1866	3145	2669	1851	2220	1743	2706	2642	1648	1905	1767	1842	3537
chr1	33000000	33100000	chr1_33000000_33100000	4455	3082	2348	2488	2080	3134	2312	2116	1607	1827	2179	1964	3407	2789	1756	2222	1636	2579	3165	1677	1935	1944	1856	3636
chr1	33100000	33200000	chr1_33100000_33200000	5081	3200	2959	2985	2690	3763	2771	2362	1673	2227	2718	2158	3504	2891	1847	2190	1762	2711	2701	1549	1873	1713	1619	3155
chr1	33200000	33300000	chr1_33200000_33300000	1205	452	296	279	246	378	448	336	363	331	492	377	1198	882	607	753	560	864	1101	615	785	682	752	1437
chr1	33300000	33400000	chr1_33300000_33400000	7229	5306	4988	5111	4262	5866	4698	4004	2848	3950	4298	4321	4806	4134	2669	3185	2610	3969	3371	1901	2271	2342	2064	4328
chr1	33400000	33500000	chr1_33400000_33500000	8814	6222	6502	6596	6083	7930	5012	5200	4389	4777	5908	5210	5036	4781	3263	3546	3030	4807	3624	2450	2860	2702	2780	5243
chr1	33500000	33600000	chr1_33500000_33600000	1953	1514	1555	1477	1325	1972	938	1103	777	986	1240	1009	2677	2555	1808	1956	1566	2480	2204	1434	1788	1617	1667	2985
chr1	33600000	33700000	chr1_33600000_33700000	1832	969	805	860	744	947	705	556	493	453	775	603	1779	1533	1090	1263	1049	1623	1375	892	1026	988	1077	1908
chr1	33700000	33800000	chr1_33700000_33800000	4271	1904	1382	1577	1239	1823	1243	1243	1044	1200	1858	1362	2176	1710	1148	1417	1133	1682	1521	835	991	978	1124	2071
chr1	33800000	33900000	chr1_33800000_33900000	2685	2056	1999	1957	1738	2371	2864	2203	1599	2076	2798	2335	2195	1936	1261	1504	1157	1904	2209	1415	1588	1576	1603	3044
chr1	33900000	34000000	chr1_33900000_34000000	2937	1547	1400	1131	1025	1818	1235	868	677	932	1161	930	2316	1897	1270	1599	1219	1919	1932	1180	1446	1372	1280	2489
chr1	34000000	34100000	chr1_34000000_34100000	8551	6559	6692	5626	5664	7771	5138	5167	4393	4840	4983	4491	7108	6434	4291	4874	3935	6119	5216	3242	3801	3584	3620	6873
chr1	34100000	34200000	chr1_34100000_34200000	11348	8463	8389	8162	7342	10229	6679	6676	5393	6467	7031	6212	9543	8393	5464	6395	4888	7665	6999	4261	4933	4925	4260	8770
chr1	34200000	34300000	chr1_34200000_34300000	3945	2204	1995	2205	1683	2293	1661	1264	1212	1247	1712	1428	2988	2385	1658	2011	1442	2310	2211	1175	1363	1360	1332	2625
chr1	34300000	34400000	chr1_34300000_34400000	3927	2245	2183	1990	1835	2790	2521	2816	2706	2557	3073	2539	3889	3391	2196	2517	2022	3186	3228	1991	2172	2270	2145	4246
chr1	34400000	34500000	chr1_34400000_34500000	3343	1940	1685	1792	1557	2054	1827	1267	1026	1381	1998	1550	2872	2478	1707	1839	1553	2361	2432	1308	1502	1519	1575	2925
chr1	34500000	34600000	chr1_34500000_34600000	3015	1753	1262	1321	1109	1594	2348	2076	1496	1864	2562	1957	2497	2001	1292	1578	1217	1884	2224	1406	1502	1552	1533	2927
chr1	34600000	34700000	chr1_34600000_34700000	6958	4740	4144	4180	3361	4975	4334	4138	3047	3962	4669	4149	4954	4339	2837	3271	2636	4246	4297	2618	3043	2996	2919	5717
chr1	34700000	34800000	chr1_34700000_34800000	8181	4911	4508	4498	3577	5359	3561	3261	2554	3237	3570	3087	5440	4528	3089	3667	2765	4559	4723	2654	3327	3222	3184	5860
chr1	34800000	34900000	chr1_34800000_34900000	7429	5518	5582	5058	4189	6549	4774	4228	3542	4296	3653	3974	6813	5653	3741	4470	3338	5243	5051	2846	3445	3312	2717	5920
chr1	34900000	35000000	chr1_34900000_35000000	2796	1518	1279	1247	1047	1494	1578	1387	1005	1271	1430	1287	2546	2078	1437	1672	1255	2022	2080	1175	1350	1356	1259	2428
chr1	35000000	35100000	chr1_35000000_35100000	3149	1443	1029	1145	932	1310	1740	1215	1057	1208	1642	1360	2035	1683	1128	1344	1097	1714	2008	1192	1377	1330	1447	2624
chr1	35100000	35200000	chr1_35100000_35200000	2220	1233	858	1037	717	1108	994	765	543	844	972	975	1275	931	595	771	546	869	1026	514	524	600	562	1190
chr1	35200000	35300000	chr1_35200000_35300000	2942	1286	793	1049	779	1046	1257	830	590	899	1503	1101	1522	1006	586	905	599	906	1301	641	690	798	745	1554
chr1	35300000	35400000	chr1_35300000_35400000	7006	4438	3826	3900	3295	4709	3661	3078	2244	2913	3493	3103	5326	4470	2856	3532	2658	4190	3857	2234	2571	2743	2428	5080
chr1	35400000	35500000	chr1_35400000_35500000	4201	2609	2145	2206	1723	2695	2346	1900	1270	2019	2362	2195	2477	1881	1215	1392	1185	1644	2060	1055	1223	1273	1227	2530
chr1	35500000	35600000	chr1_35500000_35600000	5811	4446	3375	3236	2816	4113	3441	2905	1969	2857	2842	2807	5700	4735	2998	3779	2741	4356	4413	2382	2842	3003	2502	5164
chr1	35600000	35700000	chr1_35600000_35700000	4262	2833	2635	2155	2022	3154	2681	2465	1960	2629	2558	2345	3680	2963	2014	2355	1707	2798	3170	1710	1978	2156	1758	3599
chr1	35700000	35800000	chr1_35700000_35800000	3000	1767	1831	1606	1423	2136	1940	2024	1716	1779	2169	1866	2480	2090	1475	1636	1383	2151	2186	1465	1619	1553	1704	3080
chr1	35800000	35900000	chr1_35800000_35900000	4485	1570	790	1125	644	1033	1972	1013	711	1249	1598	1527	4278	2119	1452	2229	1317	1999	3093	976	1326	1534	1247	2951
chr1	35900000	36000000	chr1_35900000_36000000	6550	3679	3021	3386	2748	3587	2811	2477	1926	2387	3101	2762	4298	3606	2514	2800	2120	3559	3098	1685	2048	2024	2053	3744
chr1	36000000	36100000	chr1_36000000_36100000	6284	3621	3351	3342	2651	4202	4350	3298	2393	3470	3733	3332	5801	4755	2975	3713	2639	4435	4418	2407	2744	3017	2465	5435
chr1	36100000	36200000	chr1_36100000_36200000	1750	729	370	486	326	575	477	155	135	217	395	294	1975	1446	1066	1197	830	1459	1564	808	993	912	868	1668
chr1	36200000	36300000	chr1_36200000_36300000	4908	3199	2994	2733	2368	3598	1965	1737	1277	1787	1625	1386	2921	2317	1463	1897	1298	2279	2127	1023	1290	1327	1073	2236
chr1	36300000	36400000	chr1_36300000_36400000	1954	861	441	588	464	634	512	200	152	257	458	297	1155	724	500	710	447	698	809	352	431	485	449	917
chr1	36400000	36500000	chr1_36400000_36500000	4128	2548	2482	2717	2132	3126	2962	2742	1881	2581	2785	2623	3484	2600	1651	2172	1508	2593	2599	1309	1621	1616	1418	2926
chr1	36500000	36600000	chr1_36500000_36600000	5585	4752	4577	4468	3861	5547	3257	4078	3443	3900	3109	3371	5548	4796	3251	3893	2853	4837	4328	2506	3051	2933	2804	5360
chr1	36600000	36700000	chr1_36600000_36700000	4785	3505	3562	3399	3011	3889	2912	3161	2465	2867	3120	2880	3633	2925	1908	2275	1651	2812	2528	1491	1867	1773	1628	3227
chr1	36700000	36800000	chr1_36700000_36800000	10296	6917	6282	6905	5532	8052	6231	5884	4661	5699	5967	5454	6868	5313	3439	4488	3036	4862	5144	2699	3218	3472	2789	5857
chr1	36800000	36900000	chr1_36800000_36900000	3709	1873	1517	1861	1533	2024	1602	1286	819	1326	1631	1483	2245	1500	1028	1333	949	1360	1820	837	944	1080	937	2021
chr1	36900000	37000000	chr1_36900000_37000000	3029	1438	1053	1003	810	1407	1142	802	641	786	1159	982	1910	1603	1035	1281	979	1501	1642	852	1011	1055	957	1994
chr1	37000000	37100000	chr1_37000000_37100000	1289	520	384	347	410	468	538	583	551	480	422	468	972	663	429	608	406	613	795	361	416	440	451	840
chr1	37100000	37200000	chr1_37100000_37200000	3031	1563	1157	1341	1152	1448	1664	1474	1098	1540	1750	1529	1732	1249	829	1062	839	1219	1732	852	979	1086	1070	2173
chr1	37200000	37300000	chr1_37200000_37300000	5166	1763	964	1181	960	1421	988	519	342	615	961	675	1986	1503	985	1206	932	1355	1464	685	833	816	803	1698
chr1	37300000	37400000	chr1_37300000_37400000	4819	3008	2771	2880	2503	3382	3424	2976	2575	2939	3363	3069	4011	3157	1999	2602	1928	3042	3200	1699	2051	2160	1883	3786
chr1	37400000	37500000	chr1_37400000_37500000	4877	2909	2606	2634	2015	3229	1866	1567	1307	1621	1390	1424	3270	2370	1600	2118	1381	2275	2108	1031	1253	1343	1104	2425
chr1	37500000	37600000	chr1_37500000_37600000	5119	3883	3843	3416	2993	4709	2842	2564	2154	2707	2410	2592	4081	3222	2111	2691	1959	3105	3128	1703	2032	1998	1745	3764
chr1	37600000	37700000	chr1_37600000_37700000	3602	2474	1903	2057	1606	2530	2202	1890	1265	1746	2210	1945	3557	2839	1767	2222	1605	2686	2645	1380	1629	1717	1510	3275
chr1	37700000	37800000	chr1_37700000_37800000	2301	1120	851	870	656	975	1068	801	727	842	920	784	1632	1187	831	1023	698	1140	1277	650	743	763	750	1421
chr1	37800000	37900000	chr1_37800000_37900000	2575	1620	1381	1318	1098	1763	988	1221	841	1230	1080	1100	2007	1580	977	1209	941	1485	1562	746	1008	1104	925	1856
chr1	37900000	38000000	chr1_37900000_38000000	8719	5908	4933	5002	4277	6233	4769	3771	2835	3790	4026	3776	6063	5283	3387	4156	3063	5139	4709	2985	3584	3276	3145	6040
chr1	38000000	38100000	chr1_38000000_38100000	2899	1621	1365	1402	1125	1507	1968	2313	1943	2125	2253	1967	3765	3357	2370	2584	2157	3298	3334	2244	2459	2430	2525	4672
chr1	38100000	38200000	chr1_38100000_38200000	2249	1486	1825	1618	1544	2005	1525	1455	1217	1378	1394	1350	2760	2453	1710	1941	1631	2557	2500	1621	1912	1866	1866	3454
chr1	38200000	38300000	chr1_38200000_38300000	787	564	413	405	362	488	564	490	410	475	511	488	1528	1418	964	1078	881	1398	1513	884	1067	1077	1071	1971
chr1	38300000	38400000	chr1_38300000_38400000	3227	2035	1853	1936	1659	2197	1437	1689	1357	1359	1811	1431	2608	2311	1521	1737	1422	2146	2060	1282	1442	1445	1460	2826
chr1	38400000	38500000	chr1_38400000_38500000	2819	1832	1719	1669	1553	1796	1457	1614	1420	1197	1798	1405	2478	2268	1562	1746	1430	2347	1891	1279	1472	1276	1390	2724
chr1	38500000	38600000	chr1_38500000_38600000	2874	1592	1002	1167	859	1313	2304	2520	1858	2255	2191	2009	2877	2390	1623	2026	1459	2307	3471	2029	2347	2276	2304	4507
chr1	38600000	38700000	chr1_38600000_38700000	3732	2517	2322	2431	2011	3117	3243	3385	2444	3155	3677	2937	3125	2725	1921	2109	1761	2797	3228	1985	2310	2238	2227	4275
chr1	38700000	38800000	chr1_38700000_38800000	5675	3992	4369	4275	3690	4990	3929	3969	3016	3576	3933	3569	6562	5862	4071	4640	3446	6248	5936	3551	4565	4556	3218	8192
chr1	38800000	38900000	chr1_38800000_38900000	1705	851	469	564	360	665	1080	562	332	717	895	843	1261	812	515	683	477	748	896	378	502	470	433	886
chr1	38900000	39000000	chr1_38900000_39000000	3474	2091	2313	2279	1976	2591	1791	1744	1633	1509	1673	1530	2884	2111	1519	1742	1282	2150	2203	1102	1374	1471	1219	2519
chr1	39000000	39100000	chr1_39000000_39100000	1824	996	854	831	689	1155	741	480	344	592	669	586	1115	747	501	651	450	696	980	385	481	491	467	990
chr1	39100000	39200000	chr1_39100000_39200000	2588	1246	1047	901	721	1298	1232	1134	939	1205	1160	970	2048	1514	956	1286	920	1445	1788	914	1101	1076	998	2064
chr1	39200000	39300000	chr1_39200000_39300000	2999	2169	2189	1888	1680	2635	1628	1640	1524	1552	1600	1459	3281	2870	1897	2144	1685	2874	2296	1507	1747	1742	1715	3120
chr1	39300000	39361238	chr1_39300000_39361238	2370	1557	1159	1250	1067	1560	1319	1066	722	1157	1117	1024	2953	2218	1516	1878	1386	2058	2257	1209	1357	1428	1195	2471
