chr	start	end	name	mrF-L5-s1_S10.bam	mrF-L5-s2_S11.bam	mrF-L5-s3_S12.bam	mrF-L5-t1_S7.bam	mrF-L5-t2_S8.bam	mrF-L5-t3_S9.bam	mrF-N12-s1_S4.bam	mrF-N12-s2_S5.bam	mrF-N12-s3_S6.bam	mrF-N12-t1_S1.bam	mrF-N12-t2_S2.bam	mrF-N12-t3_S3.bam	mrM-L5-s1_S22.bam	mrM-L5-s2_S23.bam	mrM-L5-s3_S24.bam	mrM-L5-t1_S19.bam	mrM-L5-t2_S20.bam	mrM-L5-t3_S21.bam	mrM-N12-s1_S16.bam	mrM-N12-s2_S17.bam	mrM-N12-s3_S18.bam	mrM-N12-t1_S13.bam	mrM-N12-t2_S14.bam	mrM-N12-t3_S15.bam
chr1	0	100000	chr1_0_100000	2021	1129	861	737	615	1024	658	402	331	598	481	463	2675	1730	1148	1526	984	1579	1613	541	735	891	640	1663
chr1	100000	200000	chr1_100000_200000	5312	3806	2934	3199	2597	3733	2330	2075	1800	2220	2174	1981	7081	5501	3765	4815	3247	5520	4651	2579	3273	3144	2672	5571
chr1	200000	300000	chr1_200000_300000	2797	1830	1588	1781	1512	2133	2936	2539	2098	2571	3010	2585	3815	3181	2259	2634	2009	3122	5403	3219	3927	3625	3835	6985
chr1	300000	400000	chr1_300000_400000	1878	1107	827	972	795	1032	749	643	582	606	737	652	2083	1523	990	1345	916	1502	1581	766	904	920	860	1806
chr1	400000	500000	chr1_400000_500000	4111	2757	2062	2379	2003	2712	2528	1926	1351	1956	2415	2097	6529	5111	3362	4296	3071	4967	4858	2382	2999	2912	2645	5272
chr1	500000	600000	chr1_500000_600000	5956	4432	4012	4521	3272	5167	3965	3223	2446	3309	3253	3364	10196	8007	5674	7051	4759	8016	7702	3855	4984	4903	3878	8092
chr1	600000	700000	chr1_600000_700000	2959	1957	1493	1562	1118	2021	1706	1130	877	1252	1235	1168	6062	4275	2938	3831	2541	4061	4591	1873	2543	2603	1898	4355
chr1	700000	800000	chr1_700000_800000	4332	3195	2439	2687	2171	3094	2416	2195	1694	2156	2138	2042	6954	5342	3534	4480	3426	5184	5365	2873	3284	3609	3250	6323
chr1	800000	900000	chr1_800000_900000	7872	5559	4778	5433	4508	6078	5555	4622	3350	4648	5196	4653	11062	8842	6029	7249	5270	8514	9017	4923	5836	5876	5025	10282
chr1	900000	1000000	chr1_900000_1000000	2396	1311	1122	1114	1090	1311	1220	974	635	1002	1218	1057	2252	1374	756	1155	748	1213	1486	564	683	774	806	1433
chr1	1000000	1100000	chr1_1000000_1100000	5472	4020	3283	3582	3027	4219	3148	2607	1801	2968	2507	2740	6405	4799	2911	3837	2624	4174	4832	2161	2539	2745	2273	4791
chr1	1100000	1200000	chr1_1100000_1200000	7068	5706	5171	4723	4145	6417	3249	2415	1999	2774	3025	2652	10599	8386	5842	7265	5221	8346	6351	3060	3726	3714	3254	6445
chr1	1200000	1300000	chr1_1200000_1300000	3168	1717	1108	1426	1016	1528	895	531	340	581	778	624	4236	2717	1859	2521	1777	2691	2116	899	1093	1217	971	2145
chr1	1300000	1400000	chr1_1300000_1400000	5458	4118	3957	3719	3313	4779	3158	3143	2733	3156	2888	2717	10053	7841	5580	6861	4774	7712	7121	3787	4718	4646	3890	8043
chr1	1400000	1500000	chr1_1400000_1500000	3222	2147	1910	2220	1774	2396	1454	1433	1104	1389	1488	1382	4902	3815	2546	3185	2289	3420	3509	1687	2121	2183	1811	3663
chr1	1500000	1600000	chr1_1500000_1600000	3340	2229	2201	2172	1705	2565	2004	1653	1326	1615	1807	1696	4697	3588	2561	3057	2180	3413	3569	1877	2104	2062	2031	4015
chr1	1600000	1700000	chr1_1600000_1700000	1822	1092	805	783	755	934	565	489	464	508	496	453	3049	2038	1307	1791	1190	1826	2368	1025	1155	1346	1113	2322
chr1	1700000	1800000	chr1_1700000_1800000	5959	4481	3890	4047	3565	4586	3485	3412	2746	3325	3294	3195	10603	7939	5566	6767	4507	7440	7860	4127	4829	4948	4450	8382
chr1	1800000	1900000	chr1_1800000_1900000	3528	2329	2193	2392	2002	2504	2381	2204	1520	2282	2240	2095	5629	4266	2608	3449	2557	3735	5329	2744	3308	3511	3162	5907
chr1	1900000	2000000	chr1_1900000_2000000	4863	3261	2896	3046	2325	3488	2640	2065	1652	2228	2116	2092	8283	6069	4248	5268	3437	5814	6386	3029	3793	4001	2851	6266
chr1	2000000	2100000	chr1_2000000_2100000	1887	1048	1169	1185	1083	1398	817	660	459	661	855	806	2076	1803	1151	1413	1123	1836	1318	695	743	831	820	1608
chr1	2100000	2200000	chr1_2100000_2200000	1210	776	902	851	868	978	549	604	602	545	641	497	1566	1329	997	1144	978	1449	913	641	791	669	805	1263
chr1	2200000	2300000	chr1_2200000_2300000	1128	613	476	575	433	637	598	425	373	477	506	531	1289	768	483	769	413	663	1144	465	598	572	543	1225
chr1	2300000	2400000	chr1_2300000_2400000	3301	2337	2071	2165	1922	2490	1994	1966	1866	1774	1986	1902	5237	4176	2760	3460	2559	3933	4169	1941	2418	2531	2268	4565
chr1	2400000	2500000	chr1_2400000_2500000	764	231	194	215	191	220	267	201	181	215	223	191	863	442	225	418	291	420	605	211	284	281	275	608
chr1	2500000	2600000	chr1_2500000_2600000	2713	1590	1454	1484	1283	1761	1697	1787	1504	1591	2125	1802	2724	2446	1644	1875	1560	2413	2626	1744	2037	1965	2179	3731
chr1	2600000	2700000	chr1_2600000_2700000	1168	863	780	757	799	953	586	721	601	557	617	548	1332	1241	882	954	834	1201	930	580	660	678	715	1252
chr1	2700000	2800000	chr1_2700000_2800000	2611	1704	1860	1708	1514	1970	1857	1676	1385	1654	1957	1815	3048	2566	1651	2114	1627	2479	2562	1554	1786	1796	1850	3364
chr1	2800000	2900000	chr1_2800000_2900000	3731	2645	1995	2240	1787	2453	2046	1489	1036	1555	1902	1823	6588	5257	3412	4266	3043	4649	5307	2604	3118	3257	2646	5836
chr1	2900000	3000000	chr1_2900000_3000000	1090	711	597	575	515	707	669	524	418	592	524	569	2062	1461	950	1197	929	1420	1824	886	1097	1279	1015	2083
chr1	3000000	3100000	chr1_3000000_3100000	1195	790	638	692	531	751	561	577	373	494	613	484	1506	994	741	951	626	909	1335	656	817	810	807	1436
chr1	3100000	3200000	chr1_3100000_3200000	899	701	708	625	569	811	523	682	487	609	547	524	1987	1557	1137	1296	977	1488	1618	916	1028	1055	881	1860
chr1	3200000	3300000	chr1_3200000_3300000	978	454	320	349	324	399	424	301	228	336	413	370	1738	1317	878	1234	798	1267	1409	683	795	797	739	1383
chr1	3300000	3400000	chr1_3300000_3400000	813	409	402	396	332	446	464	382	362	364	503	390	1085	933	688	726	565	980	836	503	616	557	609	1027
chr1	3400000	3500000	chr1_3400000_3500000	1380	750	628	720	692	827	771	618	622	647	755	666	2037	1607	1102	1442	990	1573	1591	907	1156	1016	1051	1920
chr1	3500000	3600000	chr1_3500000_3600000	661	257	181	180	197	175	201	83	61	80	142	109	688	459	303	384	243	395	632	239	276	281	337	574
chr1	3600000	3700000	chr1_3600000_3700000	1301	1033	1054	963	777	1195	976	1022	797	854	837	855	2504	1789	1210	1562	954	1707	1895	979	1023	1205	973	1885
chr1	3700000	3800000	chr1_3700000_3800000	1590	1098	977	1016	864	1160	974	647	496	686	808	697	1846	1315	826	1148	890	1188	1288	650	741	711	709	1512
chr1	3800000	3900000	chr1_3800000_3900000	5106	3875	3666	3861	3493	4736	5059	4188	3239	4180	5333	4646	5322	4863	3374	4018	3146	5172	5631	3570	4194	4025	4049	7354
chr1	3900000	4000000	chr1_3900000_4000000	4891	3468	3268	3453	3066	3987	3268	3315	2745	3010	3818	3255	5275	4929	3548	3763	3304	5346	4733	3375	3680	3438	3594	6607
chr1	4000000	4100000	chr1_4000000_4100000	8676	6301	6230	6190	5740	7150	6029	5955	4856	5424	6431	5615	9172	8203	6084	6763	5499	8766	7886	5411	6470	5823	6079	10995
chr1	4100000	4200000	chr1_4100000_4200000	16632	14427	15391	14055	14083	17763	12494	14044	11962	12712	14268	12926	18169	18586	14057	14453	12990	20167	15634	12718	14369	12600	13974	24244
chr1	4200000	4300000	chr1_4200000_4300000	18227	14672	15145	14398	13647	17812	12062	13656	11660	11725	14066	12717	20957	21555	15776	15924	14613	23030	17578	14246	16627	14215	15835	27099
chr1	4300000	4400000	chr1_4300000_4400000	14829	11912	12516	11753	11222	14662	12616	14306	11835	12442	14544	13108	15419	15746	11326	12028	10759	17008	15731	12197	14003	12235	13704	23633
chr1	4400000	4500000	chr1_4400000_4500000	11926	9664	9730	9262	9061	11582	10662	11783	9665	10417	12713	11091	12536	12579	9166	9617	8566	13673	14708	11766	13400	11697	13607	22031
chr1	4500000	4600000	chr1_4500000_4600000	11904	9050	7772	8425	7589	10274	9516	9600	7593	8905	10468	9447	12322	12274	8588	9280	8367	12964	11861	8868	10276	9366	10321	17858
chr1	4600000	4700000	chr1_4600000_4700000	2837	2138	2104	2006	1875	2431	1639	1631	1435	1468	1477	1450	3348	2712	1712	2217	1601	2609	2436	1380	1707	1658	1433	2888
chr1	4700000	4800000	chr1_4700000_4800000	1106	563	458	453	371	610	457	484	323	476	419	479	1697	1120	755	1006	695	968	1144	533	683	666	605	1222
chr1	4800000	4900000	chr1_4800000_4900000	1342	851	845	889	657	981	649	701	578	677	677	640	2276	1529	1093	1263	993	1419	1661	827	983	1105	894	1961
chr1	4900000	5000000	chr1_4900000_5000000	1782	1117	1084	1073	1029	1323	1259	1534	1427	1450	1339	1365	2335	1896	1390	1561	1160	1954	2244	1432	1698	1697	1561	2933
chr1	5000000	5100000	chr1_5000000_5100000	2505	1635	1277	1369	1222	1706	1994	1741	1147	1609	1902	1808	3572	2601	1830	2303	1746	2673	3172	1756	1943	1993	1944	3663
chr1	5100000	5200000	chr1_5100000_5200000	1377	675	747	637	607	818	595	511	528	430	500	499	1759	1140	744	963	651	1033	1188	554	578	596	615	1245
chr1	5200000	5300000	chr1_5200000_5300000	1966	1228	1118	1107	1018	1359	1292	1270	960	1239	1327	1134	2669	1839	1314	1696	1241	1947	1921	1041	1311	1235	1262	2397
chr1	5300000	5400000	chr1_5300000_5400000	2070	1260	772	940	696	1030	1257	985	566	920	1139	1032	3237	2467	1594	2276	1516	2389	2624	1405	1697	1605	1338	2958
chr1	5400000	5500000	chr1_5400000_5500000	2254	1653	1338	1395	1205	1712	1368	1363	1098	1154	1248	1199	3457	2967	2016	2436	1827	2971	2529	1660	1962	1900	1878	3370
chr1	5500000	5600000	chr1_5500000_5600000	1195	827	699	636	486	789	479	336	295	376	434	345	2114	1538	1016	1432	886	1427	1519	673	815	858	664	1390
chr1	5600000	5700000	chr1_5600000_5700000	1787	1191	1285	1055	971	1617	936	629	514	650	887	702	2979	2550	1643	2172	1508	2487	1926	1126	1364	1347	1287	2498
chr1	5700000	5800000	chr1_5700000_5800000	2278	1541	1146	1204	950	1552	1245	901	645	992	1216	1110	3188	2821	1870	2176	1684	2549	2468	1489	1748	1654	1688	3111
chr1	5800000	5900000	chr1_5800000_5900000	1590	930	864	967	705	1026	938	768	628	749	967	803	2355	1896	1288	1513	1236	1906	2120	1088	1267	1212	1236	2433
chr1	5900000	6000000	chr1_5900000_6000000	2429	1533	1518	1562	1364	1685	1429	1133	896	1098	1419	1156	3032	2587	1643	2012	1585	2473	2471	1432	1625	1685	1612	2953
chr1	6000000	6100000	chr1_6000000_6100000	1046	649	613	521	482	683	699	610	468	645	629	632	1432	1002	686	800	659	935	1247	759	809	840	864	1590
chr1	6100000	6200000	chr1_6100000_6200000	1867	1199	924	1067	899	1175	902	893	659	817	974	838	3299	2544	1659	2173	1397	2476	2491	1349	1600	1566	1475	3005
chr1	6200000	6300000	chr1_6200000_6300000	2142	1441	1266	1281	1151	1422	1065	1013	762	959	1161	982	2856	2718	1756	2008	1781	2642	1891	1326	1535	1284	1601	2651
chr1	6300000	6400000	chr1_6300000_6400000	1315	704	663	667	670	779	908	684	586	652	908	732	1363	1159	789	880	704	1191	1326	638	743	760	773	1479
chr1	6400000	6500000	chr1_6400000_6500000	2132	1406	966	1086	969	1240	1614	1448	1184	1426	1835	1536	2239	1605	1182	1436	1119	1632	2030	1169	1361	1397	1426	2554
chr1	6500000	6600000	chr1_6500000_6600000	2355	1516	1009	1270	1108	1497	1815	1116	770	1401	1828	1525	2443	1815	1264	1496	1180	1795	2625	1063	1416	1616	1550	2855
chr1	6600000	6700000	chr1_6600000_6700000	1325	787	585	590	446	741	613	415	313	496	486	481	2353	1627	988	1425	966	1489	1806	900	1072	1091	1021	2002
chr1	6700000	6800000	chr1_6700000_6800000	1235	498	264	340	270	336	314	217	195	204	350	228	1287	816	532	719	552	787	758	300	397	392	385	806
chr1	6800000	6900000	chr1_6800000_6900000	2360	1408	1313	1232	1130	1586	1003	906	679	846	1138	961	2329	2267	1642	1725	1410	2160	1667	1189	1417	1317	1458	2394
chr1	6900000	7000000	chr1_6900000_7000000	1919	1351	1269	1259	1078	1494	1102	1198	834	1187	1082	1146	2383	2057	1504	1740	1356	1999	2178	1251	1421	1339	1392	2514
chr1	7000000	7100000	chr1_7000000_7100000	1453	910	736	732	580	969	504	400	395	465	408	331	2049	1541	962	1269	886	1458	1723	702	873	987	715	1779
chr1	7100000	7200000	chr1_7100000_7200000	1721	887	645	673	572	846	909	648	507	687	793	668	1812	1231	827	1030	855	1158	1565	766	848	767	897	1664
chr1	7200000	7300000	chr1_7200000_7300000	2045	1232	895	1045	817	1271	990	692	361	740	742	769	3045	2224	1458	1930	1434	2179	2225	1165	1356	1446	1112	2537
chr1	7300000	7400000	chr1_7300000_7400000	2748	1713	1309	1428	1200	1624	1335	1117	882	1187	1126	1113	3003	2206	1441	1895	1343	2007	2491	1254	1332	1478	1266	2725
chr1	7400000	7500000	chr1_7400000_7500000	1185	398	392	373	287	388	483	387	304	400	356	394	1785	1072	722	983	686	1003	1344	585	700	778	663	1291
chr1	7500000	7600000	chr1_7500000_7600000	1534	724	568	651	596	721	514	401	315	356	517	463	1886	1407	825	1091	789	1324	1149	587	591	723	655	1242
chr1	7600000	7700000	chr1_7600000_7700000	4679	2746	3121	3150	2893	3586	2541	2488	1933	2237	2720	2580	4581	3797	2680	3044	2619	4056	3046	1825	2006	2020	2172	3984
chr1	7700000	7800000	chr1_7700000_7800000	1096	441	287	325	279	338	352	231	168	261	351	245	1476	984	637	866	642	971	1190	545	596	628	565	1228
chr1	7800000	7900000	chr1_7800000_7900000	1480	711	517	540	448	580	666	470	348	411	590	496	1587	1139	862	1030	844	1135	1295	671	752	792	789	1507
chr1	7900000	8000000	chr1_7900000_8000000	1393	991	772	787	594	926	892	790	671	786	843	940	1862	1435	937	1198	937	1499	1891	924	1125	1091	1128	2148
chr1	8000000	8100000	chr1_8000000_8100000	2454	1488	1034	1339	1035	1404	1257	726	571	824	1097	910	3779	2971	2124	2392	2114	2908	2887	1696	1979	1970	1854	3616
chr1	8100000	8200000	chr1_8100000_8200000	2952	1864	1519	1642	1074	1755	1941	1422	970	1604	1505	1500	4680	3310	2132	2835	1935	3072	3663	1636	2036	2134	1750	3880
chr1	8200000	8300000	chr1_8200000_8300000	5089	4061	3912	3886	3543	4485	2881	2597	2127	2612	2900	2592	7228	6623	4459	5513	4277	6657	4370	2628	3250	2935	3045	5537
chr1	8300000	8400000	chr1_8300000_8400000	2236	1650	1483	1545	1472	1831	1898	1566	1293	1587	2097	1700	3222	2665	1794	2166	1712	2555	2917	1964	2160	2163	2178	3975
chr1	8400000	8500000	chr1_8400000_8500000	1866	744	597	745	676	667	925	750	501	845	950	789	1310	787	485	711	542	686	1267	581	627	712	694	1377
chr1	8500000	8600000	chr1_8500000_8600000	2605	1812	1691	1570	1505	2005	2232	2022	1673	2074	2517	2023	3028	2352	1501	1931	1568	2182	3182	1755	1891	1790	2212	3946
chr1	8600000	8700000	chr1_8600000_8700000	3984	2759	1794	2212	1847	2445	2325	1800	1259	1960	2311	2019	5419	4021	2557	3353	2422	3593	4180	2328	2405	2545	2472	5197
chr1	8700000	8800000	chr1_8700000_8800000	2560	1476	960	1054	928	1187	1083	785	479	689	966	817	3697	2815	1769	2198	1728	2371	2678	1433	1546	1599	1499	3019
chr1	8800000	8900000	chr1_8800000_8900000	2028	986	597	668	510	715	1211	772	534	728	1159	998	1798	1286	842	1076	883	1187	1440	709	872	873	1018	1747
chr1	8900000	9000000	chr1_8900000_9000000	2390	1222	855	1140	783	1180	1698	1275	913	1287	1446	1440	3824	2781	1918	2474	1671	2597	2886	1742	1933	1903	1735	3569
chr1	9000000	9100000	chr1_9000000_9100000	3236	2478	2146	2432	2159	2648	1886	2108	1520	1892	2023	1787	4486	3847	2699	3020	2671	3794	3154	2166	2317	2324	2401	4500
chr1	9100000	9200000	chr1_9100000_9200000	1909	1246	903	1026	874	1263	973	891	566	759	1011	838	2836	2361	1611	1940	1501	2316	2356	1493	1637	1570	1657	3011
chr1	9200000	9300000	chr1_9200000_9300000	1560	821	795	710	674	900	783	742	576	627	833	737	1855	1337	1017	1313	848	1418	1547	714	912	882	855	1722
chr1	9300000	9400000	chr1_9300000_9400000	1155	752	779	761	746	930	521	383	298	397	529	485	1636	1504	953	1151	928	1381	1053	753	846	748	888	1452
chr1	9400000	9500000	chr1_9400000_9500000	4333	2323	2273	2148	2076	2436	3446	3603	3320	3053	4402	3534	3890	3522	2463	2793	2488	3491	4843	3831	4257	3808	4776	7405
chr1	9500000	9600000	chr1_9500000_9600000	1397	862	935	967	784	1122	931	941	661	893	1034	899	1760	1281	945	1151	903	1268	1457	845	1064	947	901	1858
chr1	9600000	9700000	chr1_9600000_9700000	1573	834	676	737	589	880	705	789	615	701	736	659	1885	1558	976	1273	938	1337	1324	783	789	817	904	1537
chr1	9700000	9800000	chr1_9700000_9800000	2010	1293	1092	1179	993	1304	1337	1032	743	1100	1238	1146	2790	2218	1534	1896	1486	2064	2732	1539	1702	1802	1426	3131
chr1	9800000	9900000	chr1_9800000_9900000	1846	1253	885	1067	812	1069	1058	803	517	893	968	890	2963	2465	1677	2044	1586	2233	2330	1237	1487	1509	1417	2570
chr1	9900000	10000000	chr1_9900000_10000000	1342	827	591	731	594	775	823	692	548	710	790	677	1800	1302	816	1021	766	1299	1519	728	927	968	861	1689
chr1	10000000	10100000	chr1_10000000_10100000	1695	954	903	833	704	1095	743	630	518	679	635	663	3353	2674	1659	2085	1499	2397	2207	1172	1412	1450	1143	2547
chr1	10100000	10200000	chr1_10100000_10200000	4640	3409	2789	3027	2558	3475	2733	2420	1754	2391	2539	2558	5873	4456	2651	3834	2700	4114	4566	2432	2603	2972	2687	5236
chr1	10200000	10300000	chr1_10200000_10300000	2704	1564	1187	1335	981	1423	1464	1078	804	1108	1338	1136	3963	2604	1799	2382	1662	2449	2859	1261	1551	1718	1384	2961
chr1	10300000	10400000	chr1_10300000_10400000	1236	362	122	196	131	135	230	63	75	120	189	150	892	450	323	470	266	464	572	166	249	297	274	652
chr1	10400000	10500000	chr1_10400000_10500000	2778	1746	1326	1484	1180	1707	1540	1235	901	1289	1345	1324	4416	3584	2454	3030	2357	3313	3396	1884	2109	2240	1899	4163
chr1	10500000	10600000	chr1_10500000_10600000	5006	3641	3024	3274	2766	3840	2800	2461	1919	2451	2752	2420	7531	6040	3994	5185	3726	5739	4998	2951	3206	3454	2894	6074
chr1	10600000	10700000	chr1_10600000_10700000	2026	1331	1228	1207	1036	1498	1562	1221	979	1325	1291	1279	2778	2006	1279	1566	1176	1816	2360	1174	1520	1478	1297	2561
chr1	10700000	10800000	chr1_10700000_10800000	1005	629	574	629	469	680	574	625	454	607	561	479	1838	1338	907	1102	828	1325	1405	738	875	870	837	1547
chr1	10800000	10900000	chr1_10800000_10900000	3620	2656	2106	2249	1897	2682	2309	2321	1663	2148	2651	2244	5179	3937	2524	3081	2349	3723	4477	2396	2827	2684	2800	5145
chr1	10900000	11000000	chr1_10900000_11000000	3561	2341	1917	2091	1638	2341	2242	1891	1521	1914	2164	1912	5607	4514	2852	3705	2604	4171	4629	2612	2937	3077	2740	5211
chr1	11000000	11100000	chr1_11000000_11100000	4250	3015	2445	2493	1930	3235	2267	1893	1386	1894	1692	1757	6283	4372	2961	3975	2494	4200	4666	2111	2734	2938	2258	4595
chr1	11100000	11200000	chr1_11100000_11200000	4988	4030	3872	3818	3140	4693	3377	3115	2297	3017	3517	3084	8490	7298	5106	6072	4132	7095	6500	3850	4651	4365	3963	7797
chr1	11200000	11300000	chr1_11200000_11300000	2153	1611	1462	1512	1212	1845	1041	1084	757	1126	924	942	3133	2357	1597	2132	1472	2154	2573	1263	1568	1543	1267	2767
chr1	11300000	11400000	chr1_11300000_11400000	1524	869	868	858	754	911	1029	1177	994	1029	1148	991	2442	1857	1347	1548	1192	1775	2086	1036	1252	1208	1228	2455
chr1	11400000	11500000	chr1_11400000_11500000	3461	2093	1444	1634	1338	1936	1445	1142	813	1168	1441	1349	4083	3336	2315	2941	2123	3264	2617	1463	1635	1725	1737	3149
chr1	11500000	11600000	chr1_11500000_11600000	2396	1725	1599	1463	1356	1948	939	1057	902	1092	859	866	3976	3046	1895	2482	1807	2757	2792	1297	1613	1667	1215	2945
chr1	11600000	11700000	chr1_11600000_11700000	2691	1428	1399	1560	1236	1570	1280	1310	932	1280	1238	1272	4304	3119	2316	2692	1976	3166	2992	1640	1904	2020	1733	3620
chr1	11700000	11800000	chr1_11700000_11800000	3509	2412	2089	2301	1830	2602	1979	1746	1260	1827	1405	1619	7316	5448	3692	4842	3159	5067	5708	2766	3562	3510	2837	5878
chr1	11800000	11900000	chr1_11800000_11900000	2988	1911	1510	1629	1304	1871	1654	1209	895	1182	1665	1411	4068	3123	2153	2679	1914	2937	3038	1606	2039	1988	1822	3690
chr1	11900000	12000000	chr1_11900000_12000000	939	717	604	412	453	821	558	554	488	584	499	571	1853	1354	864	1204	729	1336	1591	775	894	843	818	1659
chr1	12000000	12100000	chr1_12000000_12100000	4041	2262	1610	2030	1509	2232	2213	1362	841	1478	1456	1584	5684	3811	2729	3518	2457	3610	4234	2001	2342	2495	1832	4245
chr1	12100000	12200000	chr1_12100000_12200000	4737	3560	2518	2798	2337	3283	2814	2124	1543	2292	2575	2234	7512	5881	3810	4975	3379	5273	6117	3149	3698	3802	3258	6523
chr1	12200000	12300000	chr1_12200000_12300000	1459	776	443	515	376	487	577	326	231	417	518	489	1823	1196	757	997	767	1128	1457	588	730	889	736	1417
chr1	12300000	12400000	chr1_12300000_12400000	2506	1713	1375	1530	1165	1778	1707	1396	1040	1383	1358	1491	4246	3257	2167	2669	1870	2887	3457	1751	1967	2262	1924	3981
chr1	12400000	12500000	chr1_12400000_12500000	2254	1375	1123	1277	902	1226	1247	887	583	1007	1072	1030	3479	2467	1709	2224	1536	2361	2409	1212	1333	1491	1308	2737
chr1	12500000	12600000	chr1_12500000_12600000	5297	3670	3135	3173	2615	3813	2564	2106	1497	2113	2288	2080	7135	5672	3822	4768	3467	5428	4391	2104	2519	2682	2286	4920
chr1	12600000	12700000	chr1_12600000_12700000	3219	2331	2192	2127	1986	2555	1877	1861	1330	1734	1740	1675	4612	3951	2551	3045	2352	3386	3605	1993	2194	2384	2076	4090
chr1	12700000	12800000	chr1_12700000_12800000	5914	4489	3631	3883	3254	4413	3722	3096	2235	3245	3191	3176	7674	6244	3901	5222	3616	5596	5925	3054	3651	3560	3236	6663
chr1	12800000	12900000	chr1_12800000_12900000	2120	1127	796	673	483	931	758	492	418	609	586	539	2311	1468	820	1317	800	1262	1254	491	644	782	549	1276
chr1	12900000	13000000	chr1_12900000_13000000	2011	1220	1036	1006	980	1239	697	572	496	575	671	592	3003	2356	1466	1880	1376	2203	1187	582	728	699	656	1254
chr1	13000000	13100000	chr1_13000000_13100000	2225	1666	1458	1446	1320	1738	1631	1798	1262	1720	1453	1563	3891	3167	2089	2536	1979	2799	3192	2122	2117	2293	2054	4061
chr1	13100000	13200000	chr1_13100000_13200000	1487	1005	485	693	523	700	748	564	369	616	550	554	1718	1186	798	1037	660	1078	1397	709	849	797	786	1396
chr1	13200000	13300000	chr1_13200000_13300000	604	290	154	160	152	187	249	135	121	190	139	165	1143	645	485	563	386	538	890	363	453	492	350	843
chr1	13300000	13400000	chr1_13300000_13400000	1110	667	405	490	423	568	407	353	288	388	354	377	1379	1050	706	850	694	912	1117	669	702	698	694	1410
chr1	13400000	13500000	chr1_13400000_13500000	2918	1734	1494	1648	1385	1817	1385	1147	885	1147	1475	1193	3890	3157	2183	2627	1947	3010	2940	1793	2137	2144	2002	3743
chr1	13500000	13600000	chr1_13500000_13600000	2663	1722	1506	1645	1354	1866	1658	1366	1045	1359	1735	1488	4341	3052	2028	2584	1839	2726	3615	1808	2180	2189	1996	3910
chr1	13600000	13700000	chr1_13600000_13700000	3429	2321	2224	2214	1957	2659	1805	2108	1508	2017	1769	1505	5336	4070	2597	3390	2518	3882	4195	2324	2587	2643	2484	5057
chr1	13700000	13800000	chr1_13700000_13800000	2007	1123	873	939	832	1002	952	913	727	786	1001	899	2357	1841	1137	1515	1119	1645	1842	898	1066	1121	1017	2036
chr1	13800000	13900000	chr1_13800000_13900000	5893	4067	3288	3693	3140	4235	3245	2863	2066	2964	2941	2937	7884	6199	4010	5274	3835	5647	5964	3337	3765	4028	3491	6978
chr1	13900000	14000000	chr1_13900000_14000000	2081	1146	918	1016	722	1091	968	941	587	877	704	899	2877	1983	1236	1634	1039	1770	2317	1063	1249	1307	1085	2274
chr1	14000000	14100000	chr1_14000000_14100000	6249	4693	3901	3912	3324	4727	3775	3735	2727	3541	3216	3249	7718	6411	4188	5299	3968	6137	6269	3388	3995	3768	3586	7249
chr1	14100000	14200000	chr1_14100000_14200000	2458	1340	732	1036	687	1092	850	507	296	590	644	664	2882	1866	1274	1838	1126	1897	2118	879	1155	1313	960	2069
chr1	14200000	14300000	chr1_14200000_14300000	2484	1942	1680	1729	1493	2116	1768	1630	1059	1682	1647	1681	3656	2801	1905	2377	1822	2685	2745	1513	1922	1898	1846	3211
chr1	14300000	14400000	chr1_14300000_14400000	3789	2540	2363	2561	2249	2960	2760	2418	1634	2354	2681	2589	5443	4495	3083	3669	2716	4277	4527	2425	3134	2990	2450	5394
chr1	14400000	14500000	chr1_14400000_14500000	3286	2426	1995	2229	1729	2518	2362	2179	1710	2300	2275	2227	6467	4704	3150	4146	2767	4602	5279	2591	3189	3347	2490	5398
chr1	14500000	14600000	chr1_14500000_14600000	2592	1265	903	1134	854	1146	1153	930	702	875	1122	1032	2298	1750	1000	1420	933	1590	1950	881	1005	1073	956	2163
chr1	14600000	14700000	chr1_14600000_14700000	2461	1486	1410	1491	1231	1724	1684	1901	1525	1757	1808	1830	4020	3269	2235	2592	2113	3245	3805	2481	2846	2720	2736	4859
chr1	14700000	14800000	chr1_14700000_14800000	2445	1312	1028	1168	917	1446	1183	901	573	954	1170	1027	2987	2219	1486	1837	1314	1947	2341	1247	1371	1508	1306	2847
chr1	14800000	14900000	chr1_14800000_14900000	2484	1599	1392	1621	1412	1879	1321	1260	965	1177	1355	1284	3167	2645	1918	2345	1752	2670	2777	1697	1957	1886	1810	3364
chr1	14900000	15000000	chr1_14900000_15000000	867	274	158	219	169	245	219	168	148	147	186	165	862	513	386	489	322	485	741	322	328	363	346	710
chr1	15000000	15100000	chr1_15000000_15100000	1329	534	374	368	304	419	398	357	282	341	379	332	1418	935	657	812	627	985	1210	589	766	667	646	1353
chr1	15100000	15200000	chr1_15100000_15200000	2253	1398	1149	1365	1082	1340	1311	1107	760	1071	1221	1050	2551	2007	1307	1580	1182	1931	2059	978	1118	1143	1102	2208
chr1	15200000	15300000	chr1_15200000_15300000	1477	812	489	636	429	636	907	644	458	710	905	724	2558	1934	1254	1584	1267	1788	2191	1257	1310	1384	1468	2448
chr1	15300000	15400000	chr1_15300000_15400000	1951	1416	1259	1154	1163	1471	1123	1036	853	1002	1046	1024	4033	3090	2167	2684	1910	3011	2610	1377	1686	1621	1401	2952
chr1	15400000	15500000	chr1_15400000_15500000	1671	792	524	645	481	732	754	504	409	542	545	549	2484	1595	997	1427	962	1593	1828	795	921	999	872	1860
chr1	15500000	15600000	chr1_15500000_15600000	3379	2384	2052	2293	1903	2485	2251	2081	1541	1823	2082	2011	3507	2563	1591	2231	1536	2462	2896	1583	1827	1814	1649	3266
chr1	15600000	15700000	chr1_15600000_15700000	1991	1057	664	911	690	950	889	638	428	746	885	820	2499	1809	1115	1515	1044	1600	2022	901	1017	1127	1110	2074
chr1	15700000	15800000	chr1_15700000_15800000	1422	939	982	983	834	1257	797	765	632	796	925	758	3039	2305	1497	1945	1454	1989	2077	1118	1240	1311	1269	2489
chr1	15800000	15900000	chr1_15800000_15900000	1954	1691	1586	1607	1389	1804	1094	1234	924	1160	1159	1121	3692	2986	1906	2348	1896	2760	2587	1528	1756	1655	1657	3143
chr1	15900000	16000000	chr1_15900000_16000000	1866	1304	1218	1285	1015	1474	1098	1065	920	1002	1237	1038	2167	1721	1166	1446	1096	1626	1781	1016	1189	1114	1214	2100
chr1	16000000	16100000	chr1_16000000_16100000	1684	1189	1224	1149	1021	1410	1036	1099	856	1052	1123	1121	2519	1779	1235	1583	1100	1748	2273	1148	1271	1356	1260	2448
chr1	16100000	16200000	chr1_16100000_16200000	1642	952	791	848	749	980	665	620	449	600	735	586	1646	1303	909	1073	877	1143	1335	852	900	869	869	1636
chr1	16200000	16300000	chr1_16200000_16300000	1986	1259	1259	1290	1126	1587	1062	1158	976	1095	1200	1104	2853	2055	1394	1700	1321	1837	2347	1196	1406	1556	1524	2837
chr1	16300000	16400000	chr1_16300000_16400000	1123	798	909	859	814	950	772	782	548	782	833	733	2149	1699	1218	1475	1092	1683	1633	882	1116	1049	1072	2026
chr1	16400000	16500000	chr1_16400000_16500000	1772	1010	923	982	731	1062	878	773	599	782	645	785	1949	1245	839	1198	752	1424	1851	824	1008	1064	849	1743
chr1	16500000	16600000	chr1_16500000_16600000	3812	2512	2336	2474	2073	2631	2341	2084	1845	2034	2479	2192	5166	4175	2665	3439	2442	3852	4177	2423	2688	2890	2558	5211
chr1	16600000	16700000	chr1_16600000_16700000	7155	5649	5226	5368	4489	6618	5213	4419	3437	4614	5051	4827	11066	9533	6564	7927	6065	9508	8063	5045	5641	5580	5032	10018
chr1	16700000	16800000	chr1_16700000_16800000	3011	1841	1668	1835	1381	1950	1945	1714	1201	1618	2181	1601	4204	3518	2299	2809	2255	3314	3398	1747	2176	2256	2005	3947
chr1	16800000	16900000	chr1_16800000_16900000	1876	1243	1255	1122	951	1458	1037	1153	955	1170	1056	1100	2734	2088	1414	1829	1298	2049	2350	1167	1418	1405	1213	2620
chr1	16900000	17000000	chr1_16900000_17000000	1693	1134	1022	1106	961	1275	920	771	563	790	897	832	2904	2162	1518	1756	1311	2069	1954	1041	1186	1202	1134	2145
chr1	17000000	17100000	chr1_17000000_17100000	1252	980	790	765	685	941	880	761	604	810	710	797	2498	1655	1250	1540	1043	1556	2261	1034	1265	1265	1068	2328
chr1	17100000	17200000	chr1_17100000_17200000	1462	990	803	875	660	943	1243	1247	828	1192	1245	1176	2778	2159	1471	1787	1322	1993	2557	1275	1651	1636	1446	2971
chr1	17200000	17300000	chr1_17200000_17300000	1844	1149	695	856	672	904	1706	1620	1218	1618	1883	1663	2707	2333	1692	1972	1642	2384	2497	1477	1725	1640	1873	3343
chr1	17300000	17400000	chr1_17300000_17400000	1333	785	641	660	646	847	664	528	422	483	741	660	1254	970	652	741	604	911	1020	598	605	610	734	1252
chr1	17400000	17500000	chr1_17400000_17500000	2107	1356	1369	1388	1239	1585	1447	1017	713	995	1381	1173	2366	2086	1517	1612	1300	2254	1531	868	1030	976	972	1966
chr1	17500000	17600000	chr1_17500000_17600000	1684	1287	1193	1154	1019	1397	805	812	657	756	799	687	2487	2185	1542	1774	1407	2048	1973	1149	1337	1263	1173	2332
chr1	17600000	17700000	chr1_17600000_17700000	6433	5255	6016	5447	5364	6718	5233	6255	5235	5130	6212	5567	7994	8162	6265	5959	5606	8879	6531	5583	6086	5338	6064	10562
chr1	17700000	17800000	chr1_17700000_17800000	8539	6086	6057	6329	5548	7466	6993	6503	5204	6083	7296	6940	10514	9899	7254	7661	6328	10205	8932	6362	7342	6689	6806	12617
chr1	17800000	17900000	chr1_17800000_17900000	1518	972	1010	980	935	1154	1092	1025	946	965	1261	1082	1323	1040	727	971	623	1088	1352	804	940	985	918	1718
chr1	17900000	18000000	chr1_17900000_18000000	1562	567	395	422	317	434	385	263	148	279	362	301	1918	1317	831	1187	804	1043	1175	480	526	537	528	1107
chr1	18000000	18100000	chr1_18000000_18100000	3537	2246	1674	1954	1498	1996	2335	1437	1099	1827	1607	1685	4441	3121	2057	2573	1852	2780	3370	1739	1948	2029	1622	3690
chr1	18100000	18200000	chr1_18100000_18200000	1957	1217	802	817	592	1059	1041	722	618	894	872	885	2986	1958	1289	1731	1079	1824	2555	1028	1155	1313	1065	2535
chr1	18200000	18300000	chr1_18200000_18300000	1018	320	150	183	118	134	214	107	89	104	181	156	1163	595	358	519	336	493	630	214	241	278	279	609
chr1	18300000	18400000	chr1_18300000_18400000	1831	1322	1189	1100	871	1456	984	878	736	865	901	867	2696	2036	1289	1658	1184	1998	2028	970	1187	1205	1146	2188
chr1	18400000	18500000	chr1_18400000_18500000	1980	1218	1137	1130	1006	1402	1183	1073	813	1002	1213	1005	2963	2336	1609	1879	1526	2194	2511	1296	1656	1534	1498	2851
chr1	18500000	18600000	chr1_18500000_18600000	2369	1467	1735	1506	1349	1688	1015	1197	1043	1052	1226	1063	2594	2299	1557	1838	1546	2322	1829	1036	1221	1157	1315	2282
chr1	18600000	18700000	chr1_18600000_18700000	1911	664	399	490	395	542	421	310	313	315	479	334	1480	1057	721	966	700	1110	1054	534	635	570	634	1193
chr1	18700000	18800000	chr1_18700000_18800000	8770	6696	7037	6963	6392	8608	9127	9107	6970	8338	10727	9279	10442	10396	7665	8307	6851	11203	10817	7754	8611	7549	8786	15192
chr1	18800000	18900000	chr1_18800000_18900000	8506	7104	8018	7533	7559	8988	9129	9270	7484	8610	10933	9315	8542	8610	6627	6813	6267	9632	9435	7167	7766	6832	7998	14002
chr1	18900000	19000000	chr1_18900000_19000000	13944	10269	10595	10853	9646	13116	11110	10455	8630	9754	12321	10525	11747	11218	7838	8624	7437	12024	10692	6786	7761	7904	8051	14495
chr1	19000000	19100000	chr1_19000000_19100000	9701	7131	6730	6640	6241	8186	7390	7189	5769	6540	8513	7011	9418	9497	6752	7154	6289	10415	8978	6774	7529	6925	7779	13776
chr1	19100000	19200000	chr1_19100000_19200000	1611	814	412	561	362	646	994	676	511	685	975	828	1975	1343	947	1258	875	1354	2277	1130	1269	1318	1165	2402
chr1	19200000	19300000	chr1_19200000_19300000	3060	2152	2093	2232	1977	2463	1975	2109	1803	1976	2549	1994	3692	3162	2316	2567	2101	3119	2803	1728	2093	1917	1996	3802
chr1	19300000	19400000	chr1_19300000_19400000	1481	992	1072	1046	920	1291	919	900	711	790	958	924	2591	2119	1520	1810	1363	2081	2089	1171	1441	1234	1362	2441
chr1	19400000	19500000	chr1_19400000_19500000	4133	3266	2793	2828	2424	3214	2459	2379	2009	2402	2303	2399	6194	5077	3617	4348	3215	4941	4767	2897	3375	3307	3102	5901
chr1	19500000	19600000	chr1_19500000_19600000	1491	607	593	597	524	699	534	382	313	425	474	448	1593	1012	706	846	616	964	1577	624	766	729	692	1435
chr1	19600000	19700000	chr1_19600000_19700000	1625	764	565	563	483	604	1082	917	621	921	1026	848	1797	1503	1032	1235	974	1392	2055	1034	1264	1329	1310	2460
chr1	19700000	19800000	chr1_19700000_19800000	3247	2324	1710	1782	1340	2109	1847	1350	873	1424	1482	1376	5106	3453	2320	3138	2037	3193	3810	1856	2152	2174	2038	3941
chr1	19800000	19900000	chr1_19800000_19900000	2123	1078	816	838	751	978	1133	919	670	848	1084	903	2994	2156	1413	1821	1279	2073	2342	1021	1287	1415	1193	2555
chr1	19900000	20000000	chr1_19900000_20000000	2681	2365	2140	1996	1734	2422	2074	2046	1641	1962	1940	1979	5093	3857	2751	3344	2350	3788	3838	2135	2511	2368	2299	4587
chr1	20000000	20100000	chr1_20000000_20100000	1486	739	639	633	486	818	693	523	438	551	692	627	2851	1852	1118	1560	1136	1681	2261	1070	1142	1368	1137	2350
chr1	20100000	20200000	chr1_20100000_20200000	14559	12958	13760	13152	12612	16217	11277	12950	10966	11875	13102	12118	19204	19343	13964	14731	12660	20167	15489	11319	13162	11752	12268	22812
chr1	20200000	20300000	chr1_20200000_20300000	7055	5080	5003	5005	4765	6017	3813	3434	2765	3196	4088	3677	6119	5524	3877	4545	3593	6163	4145	2765	3174	3214	3062	5895
chr1	20300000	20400000	chr1_20300000_20400000	2046	1389	1031	956	805	1212	1144	741	612	716	955	896	3663	2619	1781	2277	1647	2714	2645	1234	1517	1579	1376	2913
chr1	20400000	20500000	chr1_20400000_20500000	3444	2484	2772	2742	2457	3166	2195	2191	1874	1866	2370	2028	3971	3538	2592	2947	2314	3638	3070	1875	2198	2136	2270	4050
chr1	20500000	20600000	chr1_20500000_20600000	4119	3054	3211	2976	2741	4008	2085	1751	1451	1897	2127	1849	5537	5093	3759	3992	3272	4983	3539	2059	2453	2405	2447	4382
chr1	20600000	20700000	chr1_20600000_20700000	3043	2037	2006	2161	1972	2417	1732	1692	1419	1613	2041	1715	2976	2689	2042	2191	1772	2660	2107	1267	1671	1507	1521	2881
chr1	20700000	20800000	chr1_20700000_20800000	4213	3092	2871	3295	2627	3699	2165	1940	1479	1928	2172	2053	6530	5468	3805	4505	3368	5377	4396	2498	2989	2857	2709	5215
chr1	20800000	20900000	chr1_20800000_20900000	1977	899	835	804	664	935	787	627	561	595	716	632	2469	1551	1147	1478	975	1712	1799	863	1016	1021	909	2003
chr1	20900000	21000000	chr1_20900000_21000000	2021	1225	1255	1126	1156	1367	969	1122	1004	920	1264	1083	2251	2051	1406	1551	1370	1993	1834	1175	1277	1270	1301	2369
chr1	21000000	21100000	chr1_21000000_21100000	1103	610	585	591	517	703	629	514	455	502	623	577	1596	1364	874	1039	857	1305	1513	866	1030	950	957	1879
chr1	21100000	21200000	chr1_21100000_21200000	1347	807	765	864	707	921	758	683	592	636	928	691	1647	1440	1027	1184	999	1533	1629	879	980	992	986	1991
chr1	21200000	21300000	chr1_21200000_21300000	3780	2737	2555	2412	2302	2912	2498	2535	2101	2348	2589	2384	4387	3670	2480	2989	2414	3511	3590	2334	2595	2571	2640	4678
chr1	21300000	21400000	chr1_21300000_21400000	3130	1868	1675	1729	1399	2117	1841	1613	1240	1610	1755	1672	3409	2595	1683	2131	1488	2470	2690	1241	1462	1612	1311	2782
chr1	21400000	21500000	chr1_21400000_21500000	2025	1215	1286	1308	1168	1611	1164	1099	903	1037	1353	1067	2639	2064	1511	1738	1327	2072	1890	1044	1364	1267	1245	2342
chr1	21500000	21600000	chr1_21500000_21600000	3237	2353	2387	2619	2356	2866	874	744	578	742	936	812	3438	3043	1929	2371	1980	2979	1502	842	898	996	882	1916
chr1	21600000	21700000	chr1_21600000_21700000	2729	2005	1930	1875	1709	2359	1610	1823	1475	1688	1464	1537	4814	3862	2746	3353	2258	3830	3478	1894	2465	2361	2063	3815
chr1	21700000	21800000	chr1_21700000_21800000	5920	4244	3847	4230	3308	4917	4438	4208	3467	4277	4318	4165	8768	6563	4585	5647	3847	6470	7688	3988	5137	4864	4039	8584
chr1	21800000	21900000	chr1_21800000_21900000	3000	1883	1239	1505	1235	1671	2237	1952	1486	1925	2232	1970	3820	2686	1697	2366	1593	2366	3625	2046	2254	2373	2129	4045
chr1	21900000	22000000	chr1_21900000_22000000	2443	1416	1269	1276	989	1514	956	960	858	941	976	950	4186	3487	2384	2952	2109	3445	3173	1716	2022	2001	1921	3591
chr1	22000000	22100000	chr1_22000000_22100000	2181	1606	1524	1478	1369	1853	962	949	835	1040	945	994	3208	2674	1705	2168	1648	2560	1855	1105	1297	1203	1170	2416
chr1	22100000	22200000	chr1_22100000_22200000	2044	875	503	629	495	713	783	679	546	637	890	698	1665	1109	907	1134	825	1213	1547	836	1003	982	1048	1944
chr1	22200000	22300000	chr1_22200000_22300000	6545	5502	5991	5560	5119	7002	5347	5416	4575	4866	5312	4839	10216	9064	6709	7247	5773	9337	8300	5524	6557	5915	5885	11278
chr1	22300000	22400000	chr1_22300000_22400000	8920	6932	6835	6766	5912	7993	6471	5837	4901	5706	6599	6025	9444	8082	5910	6636	4973	8515	7379	4486	5655	4939	4772	9678
chr1	22400000	22500000	chr1_22400000_22500000	8424	6035	5569	5725	5114	6968	5192	5044	4295	4890	5335	4852	12024	10930	7820	8838	7223	11115	9458	6428	7317	7075	6831	12843
chr1	22500000	22600000	chr1_22500000_22600000	1977	1297	1221	1234	1021	1427	1328	1524	1326	1390	1276	1209	2668	2359	1631	2000	1622	2323	2606	1676	1808	1783	1787	3456
chr1	22600000	22700000	chr1_22600000_22700000	4604	3333	2698	2993	2253	3606	2880	2562	2126	2712	2452	2511	7096	5580	4130	4961	3325	5867	6464	3547	4559	4286	3608	7307
chr1	22700000	22800000	chr1_22700000_22800000	6187	5021	4687	4451	4333	5751	5699	6297	5303	5385	6703	5732	7597	7463	5601	5762	4839	7763	8208	6263	7088	6283	6834	12132
chr1	22800000	22900000	chr1_22800000_22900000	4971	3534	3282	3418	2692	4056	3367	2922	2362	2819	3396	3177	6454	5396	3924	4592	3499	5717	5588	3385	4089	3888	3704	7167
chr1	22900000	23000000	chr1_22900000_23000000	1801	990	655	933	657	998	868	694	504	674	791	705	2736	1953	1439	1787	1140	1900	2057	1033	1305	1296	1119	2249
chr1	23000000	23100000	chr1_23000000_23100000	4344	3017	2827	2919	2710	3349	3248	2965	2335	2569	3606	2843	4711	3995	2647	3227	2591	3928	3346	2285	2535	2294	2548	4589
chr1	23100000	23200000	chr1_23100000_23200000	1628	1019	813	750	671	868	689	618	434	560	530	580	2879	1981	1477	1736	1195	1871	2481	1004	1331	1341	1118	2289
chr1	23200000	23300000	chr1_23200000_23300000	4950	3334	3043	3136	2515	3688	2850	2338	1689	2425	2417	2448	9087	6916	4885	6034	4004	6779	6325	3316	3944	4048	3396	6644
chr1	23300000	23400000	chr1_23300000_23400000	2539	1547	1480	1504	1174	1727	1398	1277	981	1355	1238	1226	3977	2712	2000	2283	1463	2632	3094	1473	2003	1960	1569	3286
chr1	23400000	23500000	chr1_23400000_23500000	1957	899	785	823	688	952	876	700	581	649	950	819	1977	1442	960	1239	968	1324	1559	918	1020	1040	1102	1949
chr1	23500000	23600000	chr1_23500000_23600000	1973	1279	1094	1143	926	1255	1045	848	635	898	1011	928	2423	1832	1346	1599	1186	1755	1762	796	903	944	857	1836
chr1	23600000	23700000	chr1_23600000_23700000	4009	2882	2518	2402	2268	3082	2406	2457	2067	2289	2407	2320	5708	4588	3571	3814	2923	4703	5036	3147	3952	3405	3302	6271
chr1	23700000	23800000	chr1_23700000_23800000	4865	3611	3906	3772	3819	4555	4240	4131	3502	3816	5178	4223	5151	5055	3613	3921	3534	5332	5086	3689	4155	3827	4385	7360
chr1	23800000	23900000	chr1_23800000_23900000	2411	1501	1315	1282	1301	1628	2820	3045	2401	2618	3176	2781	2629	2061	1474	1773	1356	2108	3347	2270	2455	2431	2734	4734
chr1	23900000	24000000	chr1_23900000_24000000	7575	5703	5515	5597	4618	6675	7049	6632	5385	6490	7081	6785	9179	8334	6136	6666	5010	8434	10033	6567	7601	7257	6931	13600
chr1	24000000	24100000	chr1_24000000_24100000	16254	12042	12262	12237	11446	14688	14090	13814	11310	12946	16687	13879	16559	16667	11892	12636	11222	17896	16253	12965	14858	12867	14608	25324
chr1	24100000	24200000	chr1_24100000_24200000	11569	9463	9712	9041	8643	11426	10670	10754	9068	9777	12046	10747	12689	12710	8896	9662	8541	13541	14154	10345	11591	10741	11625	20502
chr1	24200000	24300000	chr1_24200000_24300000	8084	6089	6386	6428	6117	7412	7182	7369	6394	6653	8549	7090	9216	8681	6269	6867	5767	9190	9851	6694	7550	6988	7833	13672
chr1	24300000	24400000	chr1_24300000_24400000	11036	8581	8353	8326	7783	10159	12005	10889	9487	10842	12639	11344	11486	11060	7806	8468	7334	12034	13742	9429	11128	10227	10753	19543
chr1	24400000	24500000	chr1_24400000_24500000	5946	4376	3854	4249	3827	4895	6105	5904	4690	5517	7060	5966	6879	6405	4380	5009	4391	6667	7799	5056	5834	5545	5972	10764
chr1	24500000	24600000	chr1_24500000_24600000	7539	5935	5505	5361	5227	6709	8235	7449	6159	7104	9184	7683	8752	8252	5798	6403	5526	8652	9679	6562	7696	7420	7983	14061
chr1	24600000	24700000	chr1_24600000_24700000	6420	4884	4011	4243	3408	5047	4575	4119	3114	3963	4744	4293	8917	7666	5525	6370	4755	7741	7427	4707	5811	5235	5020	9691
chr1	24700000	24800000	chr1_24700000_24800000	720	439	503	453	439	539	490	537	494	490	537	485	1031	778	553	649	538	739	853	531	599	573	608	955
chr1	24800000	24900000	chr1_24800000_24900000	1971	1339	1175	1213	985	1509	1092	875	627	944	1044	992	2532	1965	1323	1540	1168	1990	2084	1043	1368	1347	1262	2466
chr1	24900000	25000000	chr1_24900000_25000000	1326	706	517	622	474	673	673	674	612	594	649	602	1614	1115	793	978	743	1130	1178	695	827	669	676	1534
chr1	25000000	25100000	chr1_25000000_25100000	1511	988	983	918	912	1156	590	620	472	623	635	644	2073	1698	1138	1300	1048	1662	1438	820	917	961	925	1693
chr1	25100000	25200000	chr1_25100000_25200000	1849	1432	1148	1215	1027	1389	1576	1576	1390	1532	1760	1569	2694	2351	1747	1888	1627	2339	2741	1710	1929	1937	1875	3502
chr1	25200000	25300000	chr1_25200000_25300000	3002	2159	1869	1951	1693	2229	1431	1355	1019	1300	1485	1414	3784	2872	2014	2406	1873	2882	2112	1216	1470	1431	1324	2622
chr1	25300000	25400000	chr1_25300000_25400000	1401	888	910	775	808	1066	1019	913	698	892	984	876	1948	1582	1037	1280	1048	1614	1643	1035	1161	1159	1198	2113
chr1	25400000	25500000	chr1_25400000_25500000	2882	890	388	530	463	506	750	351	290	410	719	475	1745	1045	836	1025	820	1123	1194	583	720	703	749	1616
chr1	25500000	25600000	chr1_25500000_25600000	3835	2270	2253	2042	2034	2586	1243	1128	1064	1035	1561	1247	3801	3395	2360	2764	2283	3450	2431	1462	1649	1608	1827	2928
chr1	25600000	25700000	chr1_25600000_25700000	12164	10236	11229	10297	9640	13064	8718	9151	7899	8441	9398	8834	15840	16082	11877	12234	10599	17192	12913	9049	10939	10076	10224	18199
chr1	25700000	25800000	chr1_25700000_25800000	15078	11904	12824	11963	11583	14856	11925	11736	9443	11092	13546	11671	16457	15669	11389	12491	10606	16687	13686	10045	11385	10753	11252	20732
chr1	25800000	25900000	chr1_25800000_25900000	11214	8879	9506	8996	7955	11169	5788	6372	5456	5675	6596	6053	12876	12655	9073	9744	8566	13554	8410	6026	7161	6383	6933	12186
chr1	25900000	26000000	chr1_25900000_26000000	2979	1879	1521	1697	1365	2009	2574	2283	1718	2121	2683	2271	2644	2264	1608	1906	1519	2447	2966	1697	1842	2007	2193	4145
chr1	26000000	26100000	chr1_26000000_26100000	1327	873	738	864	741	951	792	614	476	622	826	675	1388	1182	802	862	825	1186	1146	649	811	714	820	1510
chr1	26100000	26200000	chr1_26100000_26200000	1538	1002	1310	1164	1105	1246	786	870	769	757	883	789	1833	1815	1378	1347	1274	2006	1305	911	998	943	954	1633
chr1	26200000	26300000	chr1_26200000_26300000	2424	1494	1238	1311	1155	1581	1711	1488	1181	1355	1709	1474	2436	2025	1409	1699	1311	1983	2351	1335	1590	1438	1575	3020
chr1	26300000	26400000	chr1_26300000_26400000	2020	1333	1422	1394	1391	1569	1076	1167	1010	1100	1436	1062	1933	1878	1306	1450	1287	1946	1810	1250	1421	1338	1530	2447
chr1	26400000	26500000	chr1_26400000_26500000	1363	830	757	726	748	931	646	666	550	676	848	641	1491	1335	976	1077	869	1213	1198	621	695	688	669	1409
chr1	26500000	26600000	chr1_26500000_26600000	751	392	411	363	349	476	304	257	280	276	329	320	1278	1075	768	898	785	1114	1094	528	600	593	635	1250
chr1	26600000	26700000	chr1_26600000_26700000	1622	929	807	818	838	974	1441	1165	991	1207	1491	1247	1493	1350	930	1041	811	1295	2217	1054	1197	1285	1230	2291
chr1	26700000	26800000	chr1_26700000_26800000	2597	1840	2107	1981	1956	2377	3795	4032	3605	3660	4463	3918	2348	2243	1751	1783	1547	2502	3871	2784	3110	2810	3232	5651
chr1	26800000	26900000	chr1_26800000_26900000	1506	902	793	747	714	896	860	582	482	604	836	682	1796	1409	948	1193	867	1271	1526	811	868	870	941	1738
chr1	26900000	27000000	chr1_26900000_27000000	2720	1664	1382	1521	1337	1814	1960	1724	1481	1637	2193	1883	2361	1943	1387	1505	1345	1907	2705	1403	1614	1660	1707	3267
chr1	27000000	27100000	chr1_27000000_27100000	2294	1422	1504	1309	1201	1700	1219	1244	1045	1123	1436	1226	2294	1947	1337	1619	1395	1963	1848	997	1261	1177	1253	2306
chr1	27100000	27200000	chr1_27100000_27200000	2540	1304	1222	1055	1028	1320	2042	1745	1458	1777	2295	1916	2658	1989	1437	1737	1430	2081	3102	1779	1944	2152	2205	4071
chr1	27200000	27300000	chr1_27200000_27300000	2117	1063	613	746	565	819	797	517	455	544	724	639	1726	1249	787	1026	746	1235	1190	647	729	704	642	1445
chr1	27300000	27400000	chr1_27300000_27400000	2977	1906	1510	1525	1551	1975	1602	1586	1286	1506	1857	1546	2197	1781	1204	1573	1231	1770	1976	1368	1564	1462	1583	2790
chr1	27400000	27500000	chr1_27400000_27500000	953	479	347	376	300	472	633	586	499	599	742	650	989	706	437	647	474	726	1087	567	632	691	623	1285
chr1	27500000	27600000	chr1_27500000_27600000	841	407	268	319	252	418	567	442	361	489	601	540	1145	886	593	673	583	899	1195	596	668	699	725	1447
chr1	27600000	27700000	chr1_27600000_27700000	1128	589	524	483	436	550	488	531	428	479	441	426	1435	1078	734	934	690	976	1157	565	655	688	674	1263
chr1	27700000	27800000	chr1_27700000_27800000	2120	1402	1398	1247	1169	1543	1370	1475	1285	1342	1631	1369	2312	1745	1147	1434	1156	1860	1727	1137	1333	1220	1413	2657
chr1	27800000	27900000	chr1_27800000_27900000	1280	674	581	568	537	783	851	810	677	703	748	805	1552	1298	865	1005	821	1272	1500	878	1084	1047	1071	2006
chr1	27900000	28000000	chr1_27900000_28000000	3063	2038	1913	1828	1668	2286	3265	3413	2723	2718	3520	3205	3451	3144	2428	2370	2055	3165	4115	3049	3455	3040	3474	6115
chr1	28000000	28100000	chr1_28000000_28100000	10367	7772	7817	7676	7047	9467	9002	9179	7601	8550	10221	8771	10350	9855	6793	7748	6474	10298	11230	7751	9027	8471	8822	16199
chr1	28100000	28200000	chr1_28100000_28200000	8020	5973	5880	5972	5181	7337	6307	6015	5027	5770	7092	6272	9242	8187	5877	6585	5374	8684	8371	5342	6539	6040	6223	11473
chr1	28200000	28300000	chr1_28200000_28300000	14559	12433	13794	12227	12138	15875	8698	10074	8531	8953	9759	8855	17238	18187	13340	13635	11975	19015	13108	9945	11160	10196	11215	19450
chr1	28300000	28400000	chr1_28300000_28400000	4416	3289	3180	3042	2838	3676	4088	4283	3526	4011	4412	4010	4667	4153	3014	3276	2624	4342	5726	3771	4591	4064	4106	8007
chr1	28400000	28500000	chr1_28400000_28500000	5135	3231	3035	3096	2985	3619	2659	2370	1949	2260	2944	2624	3628	3045	1877	2457	1973	2982	2573	1497	1759	1775	1873	3318
chr1	28500000	28600000	chr1_28500000_28600000	1660	741	536	567	541	650	394	310	258	375	409	368	1412	879	678	770	592	841	1006	452	549	554	530	1062
chr1	28600000	28700000	chr1_28600000_28700000	6289	4620	4630	4531	4338	5415	8688	8380	7161	7864	9316	8339	6072	5072	3677	3965	3578	5473	10011	6307	7977	7434	7483	14222
chr1	28700000	28800000	chr1_28700000_28800000	6850	5176	4974	4960	4710	6049	13076	13549	11047	12335	15468	13292	7218	6827	5048	5118	4526	7046	15517	11811	13540	12143	12994	23633
chr1	28800000	28900000	chr1_28800000_28900000	6834	5452	5711	5509	5060	6792	11454	11527	10312	10494	12479	11119	8384	7860	5912	5994	5319	8248	14042	10826	12707	11016	11777	20773
chr1	28900000	29000000	chr1_28900000_29000000	8155	5109	3566	4063	3232	4797	5406	3330	2279	3859	5296	4515	7688	5621	4033	5049	4096	6143	6626	3290	3952	4256	4227	8052
chr1	29000000	29100000	chr1_29000000_29100000	1407	557	341	419	260	399	402	226	183	237	345	272	1488	954	753	831	644	975	1095	473	546	624	560	1135
chr1	29100000	29200000	chr1_29100000_29200000	2698	1963	1905	1874	1834	2364	1089	989	852	927	1090	920	3034	2606	1926	2236	1625	2717	1599	930	1013	1081	956	1932
chr1	29200000	29300000	chr1_29200000_29300000	9401	7360	7263	7137	6527	8529	6763	6431	5307	5845	7279	6449	10616	10476	7518	8002	6681	10623	8102	5412	6621	5816	6313	11187
chr1	29300000	29400000	chr1_29300000_29400000	10083	8297	8483	8287	7351	9810	7112	7666	6449	7088	7527	6976	12844	11877	8453	9236	7675	11977	10491	6969	8380	7599	7567	14443
chr1	29400000	29500000	chr1_29400000_29500000	8160	6603	6629	6672	5940	7862	6301	6378	5470	5872	6956	6284	10870	10522	7641	8158	7017	10952	8534	6409	7567	6542	6999	12722
chr1	29500000	29600000	chr1_29500000_29600000	14764	9323	7431	8370	6981	9880	8323	6802	5285	6504	9273	7640	10781	8765	6099	7427	6105	9558	8277	5110	6075	5787	6520	11235
chr1	29600000	29700000	chr1_29600000_29700000	6064	4370	4350	4194	4103	4814	3471	3213	2826	3100	4236	3199	5862	5708	4321	4343	4145	6179	4846	3500	3998	3457	4203	6981
chr1	29700000	29800000	chr1_29700000_29800000	5106	3532	3649	3456	3437	4284	3326	3275	2844	3013	4008	3342	6424	5733	3972	4533	3698	5873	5170	3274	3987	3677	3547	6766
chr1	29800000	29900000	chr1_29800000_29900000	3226	1967	1806	2046	1889	2295	2156	2064	1764	1959	2159	1844	3760	3099	1997	2494	1896	2953	2831	1647	1922	1935	1745	3612
chr1	29900000	30000000	chr1_29900000_30000000	3039	2134	2489	2322	1874	2630	1669	1635	1335	1561	1388	1394	5019	3783	2847	3340	2348	3860	3752	2111	2468	2493	2099	4189
chr1	30000000	30100000	chr1_30000000_30100000	5228	3767	3374	3351	2960	4151	3358	3075	2475	3019	3517	3143	8146	6790	4780	5671	4470	6823	6326	3842	4478	4182	4295	8044
chr1	30100000	30200000	chr1_30100000_30200000	18051	13112	11651	11846	11503	13787	10637	9913	8092	9037	13456	10765	13890	13546	9755	10661	10177	14235	10418	8245	8549	8290	10267	15158
chr1	30200000	30300000	chr1_30200000_30300000	8824	6846	7133	6870	6190	8401	4344	4663	4121	4279	5011	4375	13086	11968	8492	9429	7510	12606	7705	5102	5820	5459	5415	10229
chr1	30300000	30400000	chr1_30300000_30400000	4023	2542	2467	2560	2141	2942	2091	2003	1566	1906	2065	2060	5124	4238	3048	3571	2563	4213	3699	2139	2501	2329	2243	4384
chr1	30400000	30500000	chr1_30400000_30500000	7821	5886	6059	5652	4944	6947	5303	5270	4494	4860	5835	5273	10071	9878	6979	7733	6491	10213	7889	5935	6760	6303	6536	11447
chr1	30500000	30600000	chr1_30500000_30600000	14281	11433	11733	11070	10895	13704	11650	12165	10131	11017	13956	11776	16287	17171	12508	12793	11971	18267	14221	11155	12491	11719	12841	21923
chr1	30600000	30700000	chr1_30600000_30700000	12797	9776	8975	9339	8850	11166	9731	8997	7161	8557	11159	9251	11134	11157	7727	8432	7357	11652	10232	7169	8503	8045	8596	15317
chr1	30700000	30800000	chr1_30700000_30800000	2739	1768	1734	1764	1484	2087	1873	1879	1429	1794	2118	1906	2715	2106	1438	1837	1418	2266	2330	1448	1576	1675	1650	3149
chr1	30800000	30900000	chr1_30800000_30900000	5097	3484	2820	3179	2323	3588	3439	2621	2200	2774	2974	3008	6632	5223	3664	4486	3299	5194	5308	2946	3563	3385	3000	6102
chr1	30900000	31000000	chr1_30900000_31000000	3291	2838	2433	2242	1703	2913	1694	1540	1214	1549	1270	1219	7819	6009	4166	5068	3479	5947	5399	2689	3374	3552	2454	5648
chr1	31000000	31100000	chr1_31000000_31100000	3932	2913	2849	2780	2538	3416	2367	2479	2049	2177	2584	2434	5922	4843	3308	3901	3043	4689	4034	2367	2780	2666	2811	4937
chr1	31100000	31200000	chr1_31100000_31200000	6839	5420	5441	5413	4860	6263	4986	4709	3987	4616	5154	4588	9947	8034	5699	6785	4970	8166	7443	4318	5167	4654	4427	8750
chr1	31200000	31300000	chr1_31200000_31300000	4235	3107	2952	3173	2836	3743	2656	2591	1916	2600	2650	2613	6839	5533	3862	4589	3378	5289	5027	2841	3504	3521	3223	6088
chr1	31300000	31400000	chr1_31300000_31400000	2040	1232	1086	1046	957	1344	937	817	777	742	1029	915	3266	2775	2067	2262	1818	2813	2281	1377	1709	1517	1638	2738
chr1	31400000	31500000	chr1_31400000_31500000	3555	2770	2701	2670	2409	3243	1418	1420	1052	1481	1479	1470	4083	3192	2286	2837	2081	3308	2530	1319	1671	1628	1501	2831
chr1	31500000	31600000	chr1_31500000_31600000	6396	4880	4643	4470	3881	5531	4479	3799	3169	3600	4062	3934	9089	7317	4996	6146	4445	7267	6880	3988	4727	4803	4450	7997
chr1	31600000	31700000	chr1_31600000_31700000	2990	1773	1621	1904	1582	1961	1552	1538	1173	1490	1651	1459	3886	3262	2179	2540	2182	3115	3053	1774	2186	2042	2040	3970
chr1	31700000	31800000	chr1_31700000_31800000	1224	788	619	702	516	786	716	594	433	571	801	625	2117	1618	1155	1455	1076	1619	1538	904	1043	1056	1021	1947
chr1	31800000	31900000	chr1_31800000_31900000	1548	786	681	679	544	741	566	524	401	511	620	494	1989	1547	1000	1182	923	1426	1295	785	928	873	997	1710
chr1	31900000	32000000	chr1_31900000_32000000	4437	3142	2759	2788	2504	3417	3329	2924	2346	2697	3050	2866	7170	5825	3993	4806	3589	5617	6061	3487	4128	4138	3972	7687
chr1	32000000	32100000	chr1_32000000_32100000	3549	2420	1992	2166	1850	2545	3230	2902	2118	2743	3295	2895	6230	4916	3254	4063	3084	4643	5323	3064	3482	3744	3490	6763
chr1	32100000	32200000	chr1_32100000_32200000	4634	3030	2454	2633	2106	3061	2268	2030	1422	1951	2461	1940	6055	4344	3039	3835	2702	4281	4570	2306	2682	2703	2382	4713
chr1	32200000	32300000	chr1_32200000_32300000	6458	4743	4023	4501	3846	4959	3882	3808	2719	3665	3802	3655	8974	7280	4826	5909	4333	7111	6432	3790	4284	4279	4034	7710
chr1	32300000	32400000	chr1_32300000_32400000	1578	1063	1088	1022	998	1307	825	836	583	828	821	824	2485	1757	1231	1621	1115	1688	2141	988	1254	1262	1048	2371
chr1	32400000	32500000	chr1_32400000_32500000	1215	561	491	505	514	589	191	153	184	171	147	133	1482	1043	796	941	689	1038	962	390	460	464	425	939
chr1	32500000	32600000	chr1_32500000_32600000	2597	2209	2106	2052	1963	2487	1844	1891	1364	1740	1991	1773	4337	3645	2347	2860	2328	3500	3496	2057	2376	2345	2375	4342
chr1	32600000	32700000	chr1_32600000_32700000	1567	882	579	611	581	710	507	427	321	420	496	460	1433	1030	691	876	584	1105	1017	528	613	628	657	1222
chr1	32700000	32800000	chr1_32700000_32800000	773	241	123	180	122	238	213	169	106	157	212	163	791	446	286	410	275	429	721	286	317	367	298	712
chr1	32800000	32900000	chr1_32800000_32900000	2360	1365	1029	1132	944	1286	1011	642	461	708	958	763	3695	3011	1895	2487	1854	2826	2748	1603	1944	1885	1869	3442
chr1	32900000	33000000	chr1_32900000_33000000	2102	1395	1051	1085	996	1402	1146	1064	801	1110	1070	1120	2823	2386	1651	1988	1413	2238	2306	1406	1606	1499	1466	2934
chr1	33000000	33100000	chr1_33000000_33100000	2739	1821	1314	1469	1249	1762	1444	1234	946	1120	1240	1146	3697	2789	1881	2345	1777	2571	3448	1783	2150	2125	1921	3961
chr1	33100000	33200000	chr1_33100000_33200000	2463	1781	1589	1625	1415	1932	1634	1320	911	1249	1525	1285	3755	2882	1930	2419	1926	2722	2889	1577	1853	1824	1643	3154
chr1	33200000	33300000	chr1_33200000_33300000	748	277	179	186	155	222	279	200	179	197	270	227	1043	658	391	590	391	584	991	523	641	603	627	1275
chr1	33300000	33400000	chr1_33300000_33400000	4102	3181	2740	2969	2440	3325	2817	2305	1635	2271	2473	2682	5355	4430	2793	3459	2700	4224	3746	2248	2546	2573	2220	4715
chr1	33400000	33500000	chr1_33400000_33500000	4997	3785	3726	3834	3489	4453	3090	3094	2589	2934	3407	3139	5290	5102	3403	3837	3421	4960	3970	2515	2945	2980	2967	5479
chr1	33500000	33600000	chr1_33500000_33600000	1102	905	835	869	745	1066	532	635	439	533	616	568	1705	1471	1163	1196	943	1474	1205	708	892	839	891	1491
chr1	33600000	33700000	chr1_33600000_33700000	912	585	479	499	442	540	411	334	302	286	453	370	1330	1150	822	972	809	1236	1078	777	897	816	906	1553
chr1	33700000	33800000	chr1_33700000_33800000	1510	738	558	629	547	657	561	546	459	552	690	535	1325	956	628	832	618	987	920	543	614	648	711	1270
chr1	33800000	33900000	chr1_33800000_33900000	1443	1040	981	1040	942	1184	1621	1287	930	1245	1493	1350	1545	1163	846	930	707	1079	2112	1285	1380	1380	1389	2659
chr1	33900000	34000000	chr1_33900000_34000000	1637	949	823	670	626	999	663	494	379	513	638	524	1969	1344	868	1215	857	1322	1729	818	931	1070	978	1885
chr1	34000000	34100000	chr1_34000000_34100000	5069	3854	3700	3212	3319	4266	3132	3092	2589	2955	2834	2703	7745	6850	4752	5348	4363	6521	5774	3569	4133	3841	3866	7121
chr1	34100000	34200000	chr1_34100000_34200000	6558	5065	4723	4804	4270	5778	4050	3903	3159	3945	4083	3799	11544	9758	6483	7762	5901	9028	8818	5065	5780	5737	5070	10190
chr1	34200000	34300000	chr1_34200000_34300000	2361	1361	1135	1223	972	1401	986	740	655	679	994	854	3082	2303	1449	1977	1349	2107	2191	1042	1164	1299	1227	2384
chr1	34300000	34400000	chr1_34300000_34400000	2338	1380	1372	1175	1171	1714	1551	1644	1583	1557	1868	1505	3768	2927	2016	2339	1953	2934	3185	2033	2111	2230	2076	4184
chr1	34400000	34500000	chr1_34400000_34500000	1976	1182	983	1073	948	1219	1129	794	639	851	1167	952	2642	2053	1409	1654	1306	1928	2445	1109	1291	1343	1379	2612
chr1	34500000	34600000	chr1_34500000_34600000	1777	1066	684	714	560	878	1329	1136	831	1066	1344	1079	2040	1680	1024	1323	993	1366	2044	1172	1362	1438	1288	2547
chr1	34600000	34700000	chr1_34600000_34700000	3955	2777	2230	2377	1950	2806	2669	2380	1730	2377	2664	2499	5258	4364	2875	3547	2747	4091	4683	2798	3210	3148	3102	6025
chr1	34700000	34800000	chr1_34700000_34800000	4768	2975	2630	2739	2130	3091	2121	1911	1576	1989	2147	1834	5555	4377	3128	3789	2968	4487	4857	2633	3222	3216	3092	5702
chr1	34800000	34900000	chr1_34800000_34900000	3973	3129	2950	2681	2328	3421	2696	2417	1974	2493	2042	2245	7671	6228	4037	5111	3658	5743	5919	3069	3474	3644	2898	6253
chr1	34900000	35000000	chr1_34900000_35000000	1774	897	724	765	640	891	981	822	603	800	829	726	2340	1758	1271	1431	1040	1645	2002	963	1246	1217	1110	2148
chr1	35000000	35100000	chr1_35000000_35100000	1889	855	567	646	531	743	1015	726	566	748	965	841	1641	1133	746	1026	773	1128	1844	869	1124	1055	1073	2044
chr1	35100000	35200000	chr1_35100000_35200000	1215	644	411	525	371	505	552	429	300	461	513	511	1230	784	479	752	473	796	1082	493	547	621	558	1203
chr1	35200000	35300000	chr1_35200000_35300000	1787	805	510	668	466	639	798	520	391	559	949	676	1862	1146	676	1047	744	1042	1565	707	734	946	828	1813
chr1	35300000	35400000	chr1_35300000_35400000	4135	2702	2217	2350	2036	2712	2211	1779	1324	1735	1960	1838	6440	5175	3334	4222	3152	4732	4818	2752	3012	3156	2931	5857
chr1	35400000	35500000	chr1_35400000_35500000	2535	1549	1213	1307	1036	1603	1412	1165	778	1188	1412	1282	2977	2164	1357	1714	1419	1840	2408	1234	1429	1449	1361	2860
chr1	35500000	35600000	chr1_35500000_35600000	3478	2655	2006	1904	1633	2475	2071	1758	1178	1708	1652	1678	6758	5320	3515	4453	3199	4904	5365	2870	3401	3521	2866	6118
chr1	35600000	35700000	chr1_35600000_35700000	2571	1728	1530	1270	1201	1881	1636	1451	1124	1601	1434	1430	4030	3142	2054	2676	1848	2915	3588	1806	2170	2364	1851	3854
chr1	35700000	35800000	chr1_35700000_35800000	1791	1122	982	904	801	1164	1064	1062	905	964	1101	998	2075	1606	1116	1442	1058	1560	1950	1151	1332	1250	1324	2519
chr1	35800000	35900000	chr1_35800000_35900000	2628	922	448	680	391	610	1113	603	407	763	892	947	3498	1833	1305	2023	1188	1880	2493	963	1259	1363	1251	2487
chr1	35900000	36000000	chr1_35900000_36000000	3609	2055	1461	1809	1449	1831	1543	1266	967	1327	1579	1438	4184	3135	2143	2670	1853	2968	3022	1488	1763	1768	1666	3112
chr1	36000000	36100000	chr1_36000000_36100000	3795	2217	2078	2033	1656	2471	2686	2085	1503	2203	2348	2065	7073	5317	3406	4496	3090	4930	5565	2868	3322	3652	2873	6397
chr1	36100000	36200000	chr1_36100000_36200000	1062	451	220	318	216	347	307	83	74	139	227	172	1495	1011	686	954	645	1030	1283	548	685	619	580	1199
chr1	36200000	36300000	chr1_36200000_36300000	2621	1825	1734	1597	1452	2073	1088	1032	744	1052	926	814	3620	2712	1778	2268	1559	2733	2541	1179	1458	1593	1185	2485
chr1	36300000	36400000	chr1_36300000_36400000	1174	508	252	346	278	389	297	122	97	147	298	174	1178	658	437	593	405	562	832	298	386	399	389	833
chr1	36400000	36500000	chr1_36400000_36500000	2464	1578	1479	1650	1301	1859	1765	1582	1150	1575	1649	1606	3947	2761	1868	2410	1720	2808	3049	1481	1860	1897	1616	3241
chr1	36500000	36600000	chr1_36500000_36600000	3194	2723	2363	2462	1971	3121	1905	2051	1654	2067	1532	1786	5226	4325	3025	3690	2618	4291	4195	2367	2674	2723	2480	4846
chr1	36600000	36700000	chr1_36600000_36700000	2613	1954	1850	1838	1573	2010	1591	1650	1275	1536	1632	1588	3859	3134	1999	2505	1766	2874	2822	1534	1826	1719	1728	3326
chr1	36700000	36800000	chr1_36700000_36800000	5776	4037	3539	3869	3232	4488	3634	3278	2651	3310	3386	3176	8598	6510	4141	5390	3717	5780	6209	3196	3787	4039	3392	7054
chr1	36800000	36900000	chr1_36800000_36900000	2306	1142	857	1084	893	1160	982	736	431	825	939	884	2620	1681	1145	1529	1032	1527	2181	907	987	1196	1016	2220
chr1	36900000	37000000	chr1_36900000_37000000	1816	906	614	586	488	873	653	464	395	456	653	599	2023	1509	947	1262	982	1422	1635	734	952	1005	861	1972
chr1	37000000	37100000	chr1_37000000_37100000	799	282	191	202	194	215	326	296	264	254	260	258	863	456	340	548	269	456	727	297	322	365	357	662
chr1	37100000	37200000	chr1_37100000_37200000	1951	932	704	806	679	914	1134	974	684	971	1131	1031	1819	1175	744	944	774	1100	1826	763	901	1035	961	1983
chr1	37200000	37300000	chr1_37200000_37300000	3238	1129	582	769	620	932	625	282	202	356	558	391	2172	1546	1034	1345	945	1475	1437	578	686	806	737	1566
chr1	37300000	37400000	chr1_37300000_37400000	2826	1670	1408	1625	1368	1748	1978	1654	1356	1562	1852	1738	4539	3610	2317	3086	2202	3351	3715	1877	2369	2452	2131	4220
chr1	37400000	37500000	chr1_37400000_37500000	2804	1755	1491	1518	1160	1823	1143	860	726	988	809	819	4048	2822	1892	2531	1740	2730	2778	1285	1472	1588	1306	2886
chr1	37500000	37600000	chr1_37500000_37600000	3030	2336	2192	1990	1852	2675	1701	1561	1368	1683	1416	1626	4796	3742	2387	3134	2184	3392	3690	1831	2251	2307	1967	4372
chr1	37600000	37700000	chr1_37600000_37700000	2154	1530	1191	1264	968	1536	1277	1137	740	1106	1345	1227	3799	3000	1875	2549	1687	2768	2964	1502	1744	1856	1528	3445
chr1	37700000	37800000	chr1_37700000_37800000	1280	674	478	498	362	562	597	451	401	463	516	444	1832	1141	804	1116	694	1096	1470	625	807	793	848	1528
chr1	37800000	37900000	chr1_37800000_37900000	1463	927	804	752	664	993	581	655	498	709	613	611	1912	1251	811	1184	711	1200	1693	652	878	1021	792	1719
chr1	37900000	38000000	chr1_37900000_38000000	5024	3561	2850	3044	2635	3626	2980	2273	1670	2371	2466	2304	6554	5142	3247	4281	3049	4934	5176	2837	3470	3402	2951	5867
chr1	38000000	38100000	chr1_38000000_38100000	1750	941	750	805	633	867	1092	1267	1061	1153	1178	1135	2806	2201	1485	1811	1372	2087	2391	1502	1678	1590	1700	3020
chr1	38100000	38200000	chr1_38100000_38200000	1382	893	994	925	931	1087	902	756	626	745	778	764	1965	1635	1012	1354	968	1472	1915	975	1224	1343	1103	2360
chr1	38200000	38300000	chr1_38200000_38300000	373	290	194	192	181	212	306	262	214	240	292	278	839	687	551	584	436	680	891	486	577	569	567	989
chr1	38300000	38400000	chr1_38300000_38400000	1783	1228	1133	1156	970	1293	887	1035	785	856	1144	910	2583	2122	1474	1668	1366	2052	2086	1298	1458	1445	1423	2617
chr1	38400000	38500000	chr1_38400000_38500000	1235	772	536	582	531	578	633	539	477	464	668	543	1670	1155	851	1108	742	1161	1461	716	801	749	762	1470
chr1	38500000	38600000	chr1_38500000_38600000	1843	964	632	733	519	836	1357	1424	1132	1409	1258	1258	2941	1993	1433	1818	1228	1966	3883	2118	2369	2343	2269	4436
chr1	38600000	38700000	chr1_38600000_38700000	2060	1407	1201	1299	1148	1544	1877	1851	1355	1851	2023	1655	2527	2174	1515	1778	1422	2150	3118	1789	2020	2133	2038	3877
chr1	38700000	38800000	chr1_38700000_38800000	3290	2415	2474	2401	2125	2863	2258	2296	1748	2034	2177	2139	5447	4421	2927	3641	2676	4235	4206	2493	2861	2955	2443	5101
chr1	38800000	38900000	chr1_38800000_38900000	1066	506	248	335	214	391	630	332	192	407	525	492	1430	858	561	751	476	755	984	331	483	460	375	865
chr1	38900000	39000000	chr1_38900000_39000000	2025	1325	1331	1332	1147	1499	1067	1023	979	852	964	889	3170	2072	1482	1908	1313	2053	2460	1143	1426	1549	1218	2636
chr1	39000000	39100000	chr1_39000000_39100000	1082	560	432	483	362	583	395	241	183	312	333	329	1178	737	519	679	472	695	1107	369	483	482	480	992
chr1	39100000	39200000	chr1_39100000_39200000	1555	789	588	569	444	762	756	653	551	714	663	559	2367	1675	1027	1463	1000	1613	2181	1008	1257	1207	1121	2280
chr1	39200000	39300000	chr1_39200000_39300000	1828	1315	1262	1131	1073	1540	981	997	916	979	917	898	3333	2814	1938	2182	1685	2799	2399	1392	1646	1591	1623	2987
chr1	39300000	39361238	chr1_39300000_39361238	1473	958	706	783	664	964	795	633	407	663	653	632	3309	2280	1558	2019	1423	2032	2345	1112	1311	1338	1119	2419
