chr	start	end	name	m-L5-s1_S1_dupsRemoved_host.bam	m-L5-s2_S2_dupsRemoved_host.bam	m-L5-t1_S3_dupsRemoved_host.bam	m-L5-t2_S4_dupsRemoved_host.bam	m-N12-s1_S5_dupsRemoved_host.bam	m-N12-s2_S6_dupsRemoved_host.bam	m-N12-t1_S7_dupsRemoved_host.bam	m-N12-t2_S8_dupsRemoved_host.bam	ub-L5-s1_S9_dupsRemoved_host.bam	ub-L5-s2_S10_dupsRemoved_host.bam	ub-L5-t1_S11_dupsRemoved_host.bam	ub-L5-t2_S12_dupsRemoved_host.bam	ub-N12-s1_S13_dupsRemoved_host.bam	ub-N12-s2_S14_dupsRemoved_host.bam	ub-N12-t1_S15_dupsRemoved_host.bam	ub-N12-t2_S16_dupsRemoved_host.bam
chr1	0	50000	chr1_0_50000	1557	964	1659	1302	1527	1864	1291	1897	3024	3659	4066	2772	4832	3298	3583	2722
chr1	50000	100000	chr1_50000_100000	2055	1603	1962	1801	1475	1802	1413	2051	2601	3226	3457	2407	3813	2714	2521	1923
chr1	100000	150000	chr1_100000_150000	4142	3504	3791	3636	2688	2979	2550	3224	3442	4101	4363	3286	3933	2940	2120	1547
chr1	150000	200000	chr1_150000_200000	2440	2135	2107	2241	1415	1590	1287	1699	1816	2180	2273	1713	2174	1633	1378	989
chr1	200000	250000	chr1_200000_250000	3041	2543	2738	2837	2536	2889	2372	2951	2389	2768	3045	2252	3393	2543	2238	1614
chr1	250000	300000	chr1_250000_300000	1281	1041	1209	1134	2798	3240	2798	3415	1345	1653	1820	1270	4056	3110	2600	1993
chr1	300000	350000	chr1_300000_350000	1663	1276	1549	1441	1425	1752	1447	1850	1918	2342	2586	1799	3172	2301	2372	1838
chr1	350000	400000	chr1_350000_400000	2049	1468	1939	1674	1699	1901	1456	2229	3189	3764	4344	3056	4416	3091	3139	2491
chr1	400000	450000	chr1_400000_450000	4075	3697	3556	3856	2730	3155	2667	3300	2681	3262	3469	2549	4027	3010	2662	1940
chr1	450000	500000	chr1_450000_500000	2580	1959	2276	2174	2145	2343	1829	2534	2784	3371	3487	2379	4144	2886	2502	1862
chr1	500000	550000	chr1_500000_550000	4807	4129	4196	4158	3228	3614	2999	3883	2635	3482	3458	2570	4272	3204	2204	1725
chr1	550000	600000	chr1_550000_600000	4004	3318	3397	3293	2650	2932	2373	3184	2665	3474	3365	2441	3950	2975	2293	1691
chr1	600000	650000	chr1_600000_650000	2391	1830	2246	2042	1938	2132	1760	2483	2997	3466	3798	2709	4601	3293	2883	2203
chr1	650000	700000	chr1_650000_700000	3253	2715	2843	2732	2250	2479	2041	2650	2912	3423	3602	2578	4177	2855	2466	1774
chr1	700000	750000	chr1_700000_750000	3818	3352	3429	3387	2626	3059	2724	3617	2730	3157	3395	2478	4246	3085	2228	1722
chr1	750000	800000	chr1_750000_800000	2615	2017	2370	2204	2187	2576	2122	2744	2894	3392	3635	2612	4784	3398	3185	2581
chr1	800000	850000	chr1_800000_850000	4106	3587	3742	3634	3008	3358	2936	3863	2411	3017	2767	2222	3805	2945	1673	1238
chr1	850000	900000	chr1_850000_900000	4276	3694	3625	3738	2986	3313	3012	3713	2840	3370	3566	2482	4251	3178	2462	1923
chr1	900000	950000	chr1_900000_950000	2266	1538	2123	1925	1910	2224	1812	2601	3306	3930	4419	3126	5344	3698	3822	2960
chr1	950000	1000000	chr1_950000_1000000	1783	1134	1751	1358	1591	1856	1410	2056	3286	3823	4271	2960	5060	3440	3732	2918
chr1	1000000	1050000	chr1_1000000_1050000	3704	2977	3276	3187	2577	2907	2604	3434	2773	3461	3481	2587	4400	3225	2544	1918
chr1	1050000	1100000	chr1_1050000_1100000	2793	2192	2557	2485	2032	2207	1834	2578	2989	3693	3922	2730	4528	3227	3127	2383
chr1	1100000	1150000	chr1_1100000_1150000	6656	5755	6186	6008	4144	4736	4033	5207	4888	5782	6077	4441	8007	5781	4591	3468
chr1	1150000	1200000	chr1_1150000_1200000	3853	2883	3461	3223	2479	2849	2304	3030	3560	4317	4540	3325	5184	3795	3403	2552
chr1	1200000	1250000	chr1_1200000_1250000	3351	2564	3181	2910	2499	3085	2417	3195	4226	4913	5249	3649	6339	4626	4103	3098
chr1	1250000	1300000	chr1_1250000_1300000	1841	1364	1667	1635	1302	1431	1130	1655	2447	2774	3038	2285	3494	2537	2448	1861
chr1	1300000	1350000	chr1_1300000_1350000	4450	3890	4014	3833	3083	3366	2895	3732	2816	3269	3306	2537	4418	3287	2122	1669
chr1	1350000	1400000	chr1_1350000_1400000	4214	3721	3568	3710	2829	3251	2837	3506	2748	3414	3583	2710	4297	3067	2786	2094
chr1	1400000	1450000	chr1_1400000_1450000	2556	2160	2282	2224	1936	2193	1941	2499	2652	3166	3355	2300	3777	2654	2390	1829
chr1	1450000	1500000	chr1_1450000_1500000	2868	2018	2565	2393	2066	2348	1838	2485	3158	3762	4099	2921	4745	3372	3244	2532
chr1	1500000	1550000	chr1_1500000_1550000	2717	2133	2561	2335	1964	2231	1904	2637	3001	3447	3751	2678	4425	3198	3033	2267
chr1	1550000	1600000	chr1_1550000_1600000	2973	2290	2598	2499	2187	2561	1981	2680	2978	3530	3755	2674	4455	3259	2993	2289
chr1	1600000	1650000	chr1_1600000_1650000	1998	1420	1990	1630	1812	2047	1592	2286	2928	3292	3643	2682	4434	2990	3095	2301
chr1	1650000	1700000	chr1_1650000_1700000	1751	1278	1858	1539	1536	1864	1548	2011	2771	3213	3525	2536	4102	2888	2744	2069
chr1	1700000	1750000	chr1_1700000_1750000	3187	2669	2943	2919	2330	2647	2290	2998	2735	3312	3214	2420	4162	3044	2242	1680
chr1	1750000	1800000	chr1_1750000_1800000	5690	5387	4994	5380	3717	4300	3652	4576	2482	3141	3174	2332	4032	3031	2056	1500
chr1	1800000	1850000	chr1_1800000_1850000	3031	2610	2751	2775	2300	2541	2252	2954	2360	2864	3089	2212	3936	2862	2609	2015
chr1	1850000	1900000	chr1_1850000_1900000	2439	1799	2262	2079	2735	3161	2596	3626	3021	3333	3801	2745	5924	4200	4176	3355
chr1	1900000	1950000	chr1_1900000_1950000	2678	2278	2351	2413	1807	2087	1668	2349	2085	2554	2598	1884	2857	2161	1564	1164
chr1	1950000	2000000	chr1_1950000_2000000	4172	3813	3717	3834	2861	3079	2504	3227	2507	3005	2992	2334	3817	2728	1794	1386
chr1	2000000	2050000	chr1_2000000_2050000	2156	1640	2037	1945	1474	1579	1294	1821	2645	3091	3382	2439	3682	2592	2776	2174
chr1	2050000	2100000	chr1_2050000_2100000	1312	1050	1227	1168	991	1215	985	1307	1449	1748	1994	1394	2289	1582	1697	1371
chr1	2100000	2150000	chr1_2100000_2150000	1064	764	926	944	909	1020	802	1117	1339	1572	1752	1289	2292	1549	1801	1348
chr1	2150000	2200000	chr1_2150000_2200000	1449	1121	1376	1308	959	1133	909	1302	1522	1848	2034	1519	2206	1462	1600	1250
chr1	2200000	2250000	chr1_2200000_2250000	1030	599	1048	880	1323	1663	1187	1731	2082	2408	2712	1937	4562	3274	3544	2817
chr1	2250000	2300000	chr1_2250000_2300000	1716	1084	1637	1390	2009	2278	1812	2538	3026	3501	3985	2727	6019	4046	4315	3305
chr1	2300000	2350000	chr1_2300000_2350000	2893	2215	2706	2561	2563	2861	2592	3550	3158	3668	3934	2882	4713	3424	3136	2315
chr1	2350000	2400000	chr1_2350000_2400000	3025	2554	2588	2623	2241	2480	2090	2886	2088	2459	2652	1915	4332	2975	2802	2185
chr1	2400000	2450000	chr1_2400000_2450000	1462	771	1388	1039	1356	1720	1132	1536	3156	3799	4025	2750	4798	3284	3257	2764
chr1	2450000	2500000	chr1_2450000_2500000	1234	698	1167	982	1018	1224	881	1263	2461	2902	3153	2079	3236	2349	2583	1994
chr1	2500000	2550000	chr1_2500000_2550000	1663	1298	1659	1508	1180	1368	1184	1588	2251	2668	3038	2073	2659	1837	1906	1635
chr1	2550000	2600000	chr1_2550000_2600000	2432	1791	2265	2111	1900	2164	1850	2361	2949	3432	3879	2733	3243	2410	2285	1798
chr1	2600000	2650000	chr1_2600000_2650000	1373	1065	1238	1185	970	1105	866	1210	1421	1784	1838	1384	1957	1370	1432	1139
chr1	2650000	2700000	chr1_2650000_2700000	849	634	780	727	648	736	628	848	910	1086	1265	905	1388	1009	1079	825
chr1	2700000	2750000	chr1_2700000_2750000	1913	1597	1621	1739	1283	1464	1320	1650	1679	1973	2193	1587	2275	1684	1597	1265
chr1	2750000	2800000	chr1_2750000_2800000	2284	1792	2248	2045	1938	2191	1928	2549	2606	3116	3380	2413	3490	2635	2523	1903
chr1	2800000	2850000	chr1_2800000_2850000	3269	2669	3003	2816	2360	2706	2428	3094	2846	3445	3544	2681	4275	3159	2688	1957
chr1	2850000	2900000	chr1_2850000_2900000	2665	1841	2316	2062	2082	2347	1983	2910	3061	3738	4155	2830	4562	3258	3392	2601
chr1	2900000	2950000	chr1_2900000_2950000	1301	944	1222	1200	1288	1514	1247	1652	1619	2072	2121	1590	2974	2132	2121	1681
chr1	2950000	3000000	chr1_2950000_3000000	1262	890	1275	1074	1026	1131	992	1457	1603	1830	2016	1433	2387	1655	1691	1287
chr1	3000000	3050000	chr1_3000000_3050000	849	532	869	681	857	1012	763	1145	1800	2052	2317	1651	2825	1900	2071	1685
chr1	3050000	3100000	chr1_3050000_3100000	1561	1263	1345	1318	1248	1473	1182	1677	1474	1812	1946	1351	2365	1696	1642	1296
chr1	3100000	3150000	chr1_3100000_3150000	1493	1195	1387	1275	1240	1342	1072	1486	1729	1986	2152	1538	2537	1837	1778	1320
chr1	3150000	3200000	chr1_3150000_3200000	1230	818	1177	1071	1203	1470	1229	1678	2089	2351	2862	1994	3435	2498	2851	2173
chr1	3200000	3250000	chr1_3200000_3250000	1235	746	1221	1020	1181	1432	1088	1613	2213	2695	3099	2172	3714	2603	2893	2348
chr1	3250000	3300000	chr1_3250000_3300000	1294	1012	1199	1177	1128	1266	1062	1464	1510	1639	1888	1379	2631	1912	1737	1377
chr1	3300000	3350000	chr1_3300000_3350000	535	361	580	484	674	768	638	875	906	1008	1209	842	2014	1407	1392	1055
chr1	3350000	3400000	chr1_3350000_3400000	1270	1073	1158	1233	1018	1234	957	1198	1332	1511	1687	1222	1918	1417	1434	1064
chr1	3400000	3450000	chr1_3400000_3450000	1376	1046	1301	1185	1521	1809	1323	1913	1670	1965	2220	1585	3997	2960	2940	2235
chr1	3450000	3500000	chr1_3450000_3500000	1494	1098	1432	1343	1453	1630	1339	1886	1892	2305	2417	1765	3582	2601	2533	1997
chr1	3500000	3550000	chr1_3500000_3550000	1220	678	1140	986	1095	1303	969	1447	2373	2683	3289	2353	3585	2454	3000	2344
chr1	3550000	3600000	chr1_3550000_3600000	1174	713	1137	977	986	1201	979	1393	2017	2289	2674	1828	2877	2073	2431	1860
chr1	3600000	3650000	chr1_3600000_3650000	1412	1113	1290	1260	1245	1297	1043	1505	1531	1810	1918	1345	2406	1753	1561	1249
chr1	3650000	3700000	chr1_3650000_3700000	1451	1114	1363	1290	1131	1363	1168	1529	1591	1825	1986	1511	2618	2018	1964	1460
chr1	3700000	3750000	chr1_3700000_3750000	1481	1045	1329	1263	1074	1308	1009	1401	1628	2029	2184	1549	2709	1987	2002	1574
chr1	3750000	3800000	chr1_3750000_3800000	1448	1101	1331	1268	1178	1402	1158	1617	1764	2038	2248	1657	2693	1887	1919	1434
chr1	3800000	3850000	chr1_3800000_3850000	2531	2101	2303	2341	2840	3103	2771	3556	1993	2596	2604	1993	4005	3002	2387	1876
chr1	3850000	3900000	chr1_3850000_3900000	3247	3004	3011	3047	2315	2519	2353	3045	1530	1849	1777	1358	2474	1917	1172	970
chr1	3900000	3950000	chr1_3900000_3950000	4160	3659	3717	3864	3098	3466	3232	4089	2225	2845	2999	2257	3453	2643	2128	1669
chr1	3950000	4000000	chr1_3950000_4000000	1905	1458	1863	1704	1809	2135	1671	2326	2785	3240	3512	2553	4733	3291	3487	2646
chr1	4000000	4050000	chr1_4000000_4050000	1881	1140	1888	1571	1791	2169	1615	2387	3255	3934	4375	3103	5923	4055	4784	3671
chr1	4050000	4100000	chr1_4050000_4100000	6825	6317	6015	6324	5089	5657	5221	6296	2615	3341	3228	2599	4222	3371	2037	1505
chr1	4100000	4150000	chr1_4100000_4150000	9484	8887	8034	9006	6516	7488	6687	7862	2218	3038	2728	2470	3360	2906	1436	1073
chr1	4150000	4200000	chr1_4150000_4200000	8904	8386	7488	8256	5930	6568	5781	6900	2267	3058	2842	2383	3214	2791	1299	951
chr1	4200000	4250000	chr1_4200000_4250000	10234	10149	8793	9754	7931	8954	7813	9292	1838	2672	2291	2140	2878	2781	1174	858
chr1	4250000	4300000	chr1_4250000_4300000	10946	9890	9320	10167	6616	7211	6482	7583	4165	5248	5138	4091	3385	3110	1529	1167
chr1	4300000	4350000	chr1_4300000_4350000	8872	8511	7461	8375	6680	7542	6938	8130	1936	2686	2358	2158	3269	2900	1404	1044
chr1	4350000	4400000	chr1_4350000_4400000	6744	6057	5719	6209	5809	6285	5869	7103	2381	3264	3007	2417	4060	3213	1808	1293
chr1	4400000	4450000	chr1_4400000_4450000	6927	6718	5992	6789	6494	7436	6444	7611	2160	2647	2545	2119	3487	2809	1604	1201
chr1	4450000	4500000	chr1_4450000_4500000	6310	5854	5604	5974	6534	7372	6705	7794	2440	3138	3092	2534	4079	3262	2040	1523
chr1	4500000	4550000	chr1_4500000_4550000	7135	6529	6227	6844	6114	6737	6343	7627	2501	3240	2980	2429	3524	2978	1432	960
chr1	4550000	4600000	chr1_4550000_4600000	4755	4445	4134	4569	3379	3627	3262	4031	2007	2533	2402	1902	2636	2087	1287	968
chr1	4600000	4650000	chr1_4600000_4650000	2419	2025	2070	2162	1500	1640	1402	1894	1483	1753	1821	1335	2104	1604	1268	905
chr1	4650000	4700000	chr1_4650000_4700000	766	506	753	663	789	1003	763	1039	1358	1649	1768	1255	2446	1746	1882	1505
chr1	4700000	4750000	chr1_4700000_4750000	1057	712	999	896	886	1056	802	1242	1625	1887	2176	1519	2486	1672	1743	1321
chr1	4750000	4800000	chr1_4750000_4800000	1026	806	1016	944	863	1006	816	1231	1500	1852	2042	1401	2201	1551	1423	1178
chr1	4800000	4850000	chr1_4800000_4850000	1303	843	1296	1104	1290	1462	1197	1590	2009	2394	2583	1895	3146	2261	2377	1778
chr1	4850000	4900000	chr1_4850000_4900000	1156	906	1115	1081	1013	1120	923	1310	1380	1697	1766	1380	2356	1601	1667	1282
chr1	4900000	4950000	chr1_4900000_4950000	1039	658	1016	907	911	1159	873	1273	1961	2323	2641	1843	2768	1935	2139	1674
chr1	4950000	5000000	chr1_4950000_5000000	2104	1834	1905	1964	1992	2360	1991	2498	1661	1987	2177	1604	2512	1911	1675	1288
chr1	5000000	5050000	chr1_5000000_5050000	1962	1482	1846	1657	1599	1780	1543	2007	2364	2857	3122	2240	3325	2411	2172	1574
chr1	5050000	5100000	chr1_5050000_5100000	1954	1491	1841	1753	1811	2161	1803	2585	2250	2739	2923	2144	4274	2930	2935	2397
chr1	5100000	5150000	chr1_5100000_5150000	1816	1340	1621	1556	1645	1870	1420	1994	2468	2882	3116	2299	4798	3200	3468	2623
chr1	5150000	5200000	chr1_5150000_5200000	1492	889	1519	1244	1405	1622	1362	1997	2857	3304	3850	2799	4296	2948	3246	2523
chr1	5200000	5250000	chr1_5200000_5250000	1360	795	1317	1195	1232	1425	1128	1667	2714	3120	3690	2561	3969	2745	2935	2333
chr1	5250000	5300000	chr1_5250000_5300000	2724	2033	2455	2324	2121	2438	2090	2848	2857	3454	3758	2753	4464	3284	3265	2429
chr1	5300000	5350000	chr1_5300000_5350000	1686	1086	1728	1391	1497	1729	1347	1908	3037	3592	4134	2794	4338	3109	3573	2843
chr1	5350000	5400000	chr1_5350000_5400000	1923	1464	1708	1632	1588	1693	1441	2003	1671	2072	2194	1602	2588	1888	1573	1163
chr1	5400000	5450000	chr1_5400000_5450000	1430	1072	1432	1272	1079	1317	1099	1486	1840	2111	2360	1646	2506	1798	1802	1393
chr1	5450000	5500000	chr1_5450000_5500000	2371	1944	2154	2144	1584	1782	1622	2155	2129	2586	2876	2004	2842	1950	1903	1422
chr1	5500000	5550000	chr1_5500000_5550000	1425	907	1397	1177	1094	1366	1123	1529	2488	2939	3399	2379	3245	2275	2478	2052
chr1	5550000	5600000	chr1_5550000_5600000	1352	980	1302	1138	1303	1637	1076	1516	1889	2177	2307	1707	4095	2851	2634	2167
chr1	5600000	5650000	chr1_5600000_5650000	1312	867	1259	1113	1041	1153	1004	1353	1941	2254	2538	1838	2759	1939	2050	1546
chr1	5650000	5700000	chr1_5650000_5700000	2077	1746	1942	1845	1265	1492	1262	1601	1842	2126	2313	1739	2248	1626	1421	1153
chr1	5700000	5750000	chr1_5700000_5750000	1257	1004	1221	1124	1078	1240	1050	1486	1401	1749	1945	1405	2369	1625	1667	1241
chr1	5750000	5800000	chr1_5750000_5800000	2158	1844	1947	1995	1540	1642	1546	1944	1413	1640	1770	1363	2131	1625	1302	979
chr1	5800000	5850000	chr1_5800000_5850000	900	672	961	793	1280	1576	1134	1563	1390	1688	1903	1321	3770	2689	2969	2247
chr1	5850000	5900000	chr1_5850000_5900000	1649	1309	1540	1524	1423	1588	1365	1729	1536	1888	2118	1442	2501	1699	1646	1236
chr1	5900000	5950000	chr1_5900000_5950000	2552	2057	2269	2350	1974	2170	1958	2500	1748	2098	2263	1699	3274	2326	2126	1699
chr1	5950000	6000000	chr1_5950000_6000000	1298	895	1209	1057	1130	1398	1167	1566	1933	2181	2501	1714	3088	2168	2380	1916
chr1	6000000	6050000	chr1_6000000_6050000	1137	803	1025	1016	958	1112	990	1260	1409	1724	1918	1406	2052	1504	1605	1125
chr1	6050000	6100000	chr1_6050000_6100000	1157	791	1178	1058	1029	1262	1037	1416	1683	2011	2331	1648	2604	1842	2047	1638
chr1	6100000	6150000	chr1_6100000_6150000	1817	1520	1696	1566	1466	1569	1390	1856	1680	2049	2264	1589	2525	1872	1762	1330
chr1	6150000	6200000	chr1_6150000_6200000	1506	1134	1515	1367	1271	1508	1235	1672	2042	2463	2816	1941	3181	2214	2268	1845
chr1	6200000	6250000	chr1_6200000_6250000	2027	1732	1991	1854	995	1197	983	1216	2001	2362	2656	1941	1428	1012	920	796
chr1	6250000	6300000	chr1_6250000_6300000	2202	1875	1969	1989	1545	1798	1497	1972	2193	2601	2857	2108	3214	2289	2380	1810
chr1	6300000	6350000	chr1_6300000_6350000	1633	1250	1521	1493	1664	2021	1554	2175	1887	2222	2348	1740	4363	3126	3282	2510
chr1	6350000	6400000	chr1_6350000_6400000	1101	689	1028	895	1812	2206	1623	2460	1858	2213	2390	1764	5537	3900	4269	3487
chr1	6400000	6450000	chr1_6400000_6450000	1904	1469	1778	1746	1740	2135	1614	2110	2373	2733	3159	2184	3493	2574	2537	1919
chr1	6450000	6500000	chr1_6450000_6500000	2142	1491	2080	1826	2140	2580	1904	2796	3540	4094	4382	3123	5745	4140	4055	3131
chr1	6500000	6550000	chr1_6500000_6550000	2366	1895	2376	2201	3228	3618	3099	4365	2994	3637	3732	2744	7568	5551	5009	3709
chr1	6550000	6600000	chr1_6550000_6600000	601	435	582	495	1306	1588	1195	1763	809	1018	1129	805	4022	2746	3147	2445
chr1	6600000	6650000	chr1_6600000_6650000	2269	1546	2177	1812	1988	2261	1784	2430	3148	3713	4199	3025	4967	3430	3631	2714
chr1	6650000	6700000	chr1_6650000_6700000	1497	889	1514	1137	1388	1743	1195	1764	2937	3532	3900	2618	4501	3168	3164	2487
chr1	6700000	6750000	chr1_6700000_6750000	1822	1050	1802	1506	1411	1629	1216	1855	3435	3914	4561	3189	4482	3268	3538	2771
chr1	6750000	6800000	chr1_6750000_6800000	1219	752	1175	1052	1004	1180	917	1370	2048	2286	2702	1960	2888	2109	2243	1687
chr1	6800000	6850000	chr1_6800000_6850000	1724	1380	1547	1526	1304	1517	1225	1719	1705	2095	2340	1649	2719	1998	2024	1675
chr1	6850000	6900000	chr1_6850000_6900000	1836	1487	1616	1638	1020	1228	1021	1328	1735	2020	2303	1660	1546	1109	1092	875
chr1	6900000	6950000	chr1_6900000_6950000	1830	1487	1653	1617	1457	1757	1439	1940	1756	2189	2356	1674	2705	1929	1958	1610
chr1	6950000	7000000	chr1_6950000_7000000	1574	1283	1387	1498	1070	1215	1101	1432	1351	1662	1795	1340	1980	1438	1319	1028
chr1	7000000	7050000	chr1_7000000_7050000	1197	791	1113	980	763	923	748	1097	1679	1888	2170	1575	2214	1577	1588	1147
chr1	7050000	7100000	chr1_7050000_7100000	1648	1144	1541	1379	1499	1646	1333	1895	2198	2529	2788	1935	3650	2758	2577	1975
chr1	7100000	7150000	chr1_7100000_7150000	2048	1415	2130	1805	2064	2457	1976	2710	3324	3863	3930	2753	5462	3790	3327	2465
chr1	7150000	7200000	chr1_7150000_7200000	1809	1279	1828	1634	1668	2016	1514	2058	3007	3535	4027	2765	4558	3067	3511	2728
chr1	7200000	7250000	chr1_7200000_7250000	2010	1558	1807	1703	1510	1821	1455	1980	2460	2985	3199	2191	3769	2740	2749	2094
chr1	7250000	7300000	chr1_7250000_7300000	2012	1355	1873	1680	1618	1969	1462	2050	2926	3535	3928	2759	4421	3193	3347	2591
chr1	7300000	7350000	chr1_7300000_7350000	2375	1739	2244	2025	1914	2275	1821	2485	2990	3531	3762	2865	4507	3284	3238	2514
chr1	7350000	7400000	chr1_7350000_7400000	1782	1089	1767	1521	1604	1972	1518	2154	3228	3659	4277	3028	4933	3398	3885	3073
chr1	7400000	7450000	chr1_7400000_7450000	1943	1249	1945	1629	1710	1909	1553	2211	3052	3655	4062	2897	4858	3404	3747	2933
chr1	7450000	7500000	chr1_7450000_7500000	1843	1079	1785	1560	1611	1999	1444	2008	3452	4176	4415	2902	5083	3597	3427	2631
chr1	7500000	7550000	chr1_7500000_7550000	2155	1426	2031	1899	1328	1512	1243	1743	3482	4171	4604	3237	3463	2489	2580	2000
chr1	7550000	7600000	chr1_7550000_7600000	1700	974	1665	1415	1133	1334	962	1487	3202	3791	4177	2954	3647	2530	2731	2100
chr1	7600000	7650000	chr1_7600000_7650000	3540	2736	3359	3181	2670	3028	2560	3438	3747	4445	4840	3441	6317	4421	4759	3558
chr1	7650000	7700000	chr1_7650000_7700000	2494	1879	2369	2222	1937	2239	1886	2495	3461	4017	4646	3270	4389	3268	3100	2448
chr1	7700000	7750000	chr1_7700000_7750000	1681	1159	1634	1381	1381	1658	1328	1860	2571	3096	3479	2377	4123	2751	3039	2435
chr1	7750000	7800000	chr1_7750000_7800000	1967	1196	1989	1607	1509	1861	1488	1984	3995	4648	5187	3712	5162	3617	3828	3086
chr1	7800000	7850000	chr1_7800000_7850000	1965	1174	1896	1633	1878	2191	1800	2427	3578	4267	4733	3335	5781	3956	4216	3324
chr1	7850000	7900000	chr1_7850000_7900000	2055	1433	2052	1798	1856	2193	1588	2382	3448	3861	4315	3024	5286	3704	3892	2954
chr1	7900000	7950000	chr1_7900000_7950000	1149	963	1159	1101	1174	1321	1110	1526	1101	1373	1415	1043	2113	1554	1272	993
chr1	7950000	8000000	chr1_7950000_8000000	1652	1054	1625	1405	1600	1925	1426	2099	2843	3524	3828	2639	4670	3353	3422	2630
chr1	8000000	8050000	chr1_8000000_8050000	1848	1221	1862	1616	1748	2108	1496	2089	3122	3779	3718	2603	5335	3805	3185	2467
chr1	8050000	8100000	chr1_8050000_8100000	2775	2004	2551	2366	2168	2399	2236	2982	2813	3382	3668	2694	4359	3173	3185	2406
chr1	8100000	8150000	chr1_8100000_8150000	2893	2518	2642	2569	2345	2602	2257	2883	2065	2452	2434	1745	3496	2540	1673	1237
chr1	8150000	8200000	chr1_8150000_8200000	1473	1083	1352	1297	1240	1469	1127	1633	1851	2180	2468	1713	2771	2058	2016	1541
chr1	8200000	8250000	chr1_8200000_8250000	2004	1262	1803	1598	1147	1453	1076	1457	3415	4075	4502	3089	3546	2456	2621	2131
chr1	8250000	8300000	chr1_8250000_8300000	5796	5237	4861	5282	2696	3050	2705	3426	2134	2768	2753	2131	2546	2024	1399	1046
chr1	8300000	8350000	chr1_8300000_8350000	1983	1744	1817	1842	1932	2180	1974	2488	1686	1950	2166	1554	2993	2093	2021	1619
chr1	8350000	8400000	chr1_8350000_8400000	1506	1179	1429	1333	1097	1320	1108	1472	1447	1784	2015	1405	2459	1776	1627	1265
chr1	8400000	8450000	chr1_8400000_8450000	1437	807	1482	1212	1435	1721	1560	2037	2829	3429	3814	2679	4561	3192	3596	2805
chr1	8450000	8500000	chr1_8450000_8500000	1795	1234	1914	1619	1964	2373	1795	2601	3245	3640	4248	2991	5272	3670	3958	3128
chr1	8500000	8550000	chr1_8500000_8550000	2086	1232	2170	1829	2623	3122	2449	3578	4333	4953	5795	4065	7429	5435	6198	5080
chr1	8550000	8600000	chr1_8550000_8600000	2775	2095	2605	2340	2266	2552	2275	2963	2794	3170	3673	2653	4317	3125	3084	2455
chr1	8600000	8650000	chr1_8600000_8650000	2706	2001	2480	2354	2259	2481	2268	3065	2968	3484	3838	2783	4136	2963	2908	2187
chr1	8650000	8700000	chr1_8650000_8700000	2610	1942	2416	2206	2093	2451	2145	3003	2755	3328	3599	2623	4486	3116	3078	2280
chr1	8700000	8750000	chr1_8700000_8750000	1780	1136	1776	1424	1529	1840	1498	2136	2857	3422	3830	2769	4605	3208	3588	2868
chr1	8750000	8800000	chr1_8750000_8800000	2631	1972	2515	2260	2129	2336	2128	2755	2873	3388	3783	2734	4612	3251	3084	2354
chr1	8800000	8850000	chr1_8800000_8850000	1648	1188	1778	1472	1554	1744	1494	2195	2589	3219	3804	2612	4214	3014	3351	2585
chr1	8850000	8900000	chr1_8850000_8900000	1762	1186	1684	1448	1605	1954	1512	2124	3033	3620	4191	2782	4796	3432	3847	3021
chr1	8900000	8950000	chr1_8900000_8950000	2995	2335	2634	2494	2341	2638	2198	2925	2504	3032	3212	2349	3968	2832	2558	1872
chr1	8950000	9000000	chr1_8950000_9000000	753	419	786	649	718	849	684	1013	1495	1737	2025	1381	2174	1486	1754	1447
chr1	9000000	9050000	chr1_9000000_9050000	1552	1354	1524	1484	1254	1425	1240	1680	1608	1843	2088	1507	2494	1830	1785	1311
chr1	9050000	9100000	chr1_9050000_9100000	3011	3024	2574	3063	2036	2499	2122	2637	1710	1991	2102	1694	2780	2054	1815	1403
chr1	9100000	9150000	chr1_9100000_9150000	1553	1113	1498	1305	1302	1527	1393	1780	1450	1810	2046	1459	2697	1960	1885	1497
chr1	9150000	9200000	chr1_9150000_9200000	1868	1475	1751	1685	1409	1630	1367	1815	2028	2395	2684	1952	3228	2320	2394	1772
chr1	9200000	9250000	chr1_9200000_9250000	2053	1356	1963	1690	1822	2244	1642	2243	3214	3910	4554	3078	5265	3667	3934	3094
chr1	9250000	9300000	chr1_9250000_9300000	1604	1153	1578	1418	1559	1808	1363	1919	2546	3068	3337	2257	3900	2811	2929	2166
chr1	9300000	9350000	chr1_9300000_9350000	1460	1162	1357	1288	1204	1289	1093	1505	1758	2095	2277	1628	2405	1764	1875	1459
chr1	9350000	9400000	chr1_9350000_9400000	1267	1065	1061	1089	797	915	722	1029	984	1327	1440	1028	1611	1191	1334	1038
chr1	9400000	9450000	chr1_9400000_9450000	3630	2988	3395	3401	4354	4900	4295	5214	3561	3849	4104	3539	4686	3790	3892	3308
chr1	9450000	9500000	chr1_9450000_9500000	1948	1667	1720	1674	1395	1617	1377	1805	1297	1585	1672	1325	1973	1447	1359	1066
chr1	9500000	9550000	chr1_9500000_9550000	1548	1219	1436	1360	1394	1519	1283	1777	1750	2123	2315	1654	2866	2148	2097	1645
chr1	9550000	9600000	chr1_9550000_9600000	1029	704	1025	905	963	1123	980	1294	1643	1907	2135	1458	2470	1823	1879	1511
chr1	9600000	9650000	chr1_9600000_9650000	1830	1435	1638	1579	1389	1463	1331	1791	1836	2232	2514	1785	2800	2023	2143	1678
chr1	9650000	9700000	chr1_9650000_9700000	1072	752	1083	945	912	1087	799	1173	1884	2170	2600	1728	2576	1896	2061	1542
chr1	9700000	9750000	chr1_9700000_9750000	1896	1429	1723	1734	1921	2174	1718	2349	2632	3128	3162	2254	4734	3428	2982	2347
chr1	9750000	9800000	chr1_9750000_9800000	1777	1517	1528	1512	1590	1743	1581	2080	1249	1513	1579	1249	2053	1578	1313	978
chr1	9800000	9850000	chr1_9800000_9850000	1510	1121	1463	1385	1133	1345	1137	1585	1674	1999	2290	1586	2923	2045	2150	1728
chr1	9850000	9900000	chr1_9850000_9900000	1938	1683	1805	1773	1534	1790	1488	1889	1711	2183	2367	1624	2614	1936	1698	1404
chr1	9900000	9950000	chr1_9900000_9950000	1358	1068	1183	1192	1086	1269	1058	1426	1523	1862	1908	1451	2233	1591	1496	1164
chr1	9950000	10000000	chr1_9950000_10000000	1271	905	1214	1088	1013	1132	1059	1468	1508	1801	1969	1421	2133	1606	1582	1251
chr1	10000000	10050000	chr1_10000000_10050000	1607	1225	1355	1366	1096	1317	1126	1495	1637	2049	2301	1496	2621	1795	1914	1467
chr1	10050000	10100000	chr1_10050000_10100000	2230	1508	2004	1909	1784	1986	1705	2295	2877	3458	3880	2744	4446	3181	3113	2455
chr1	10100000	10150000	chr1_10100000_10150000	2371	1707	2258	1968	1911	2142	1791	2573	3024	3525	3909	2809	4638	3278	3154	2469
chr1	10150000	10200000	chr1_10150000_10200000	3828	3218	3427	3334	2883	3264	2949	3877	2713	3339	3631	2726	4491	3205	2756	2038
chr1	10200000	10250000	chr1_10200000_10250000	2994	2319	2717	2452	2204	2436	2167	2892	2541	3207	3267	2459	4259	3071	2631	1875
chr1	10250000	10300000	chr1_10250000_10300000	1581	902	1610	1298	1456	1732	1326	1928	2828	3486	4075	2742	4615	3204	3482	2651
chr1	10300000	10350000	chr1_10300000_10350000	1423	816	1452	1137	1384	1721	1271	1780	2987	3387	3890	2846	4704	3205	3546	2775
chr1	10350000	10400000	chr1_10350000_10400000	1857	1012	1790	1444	1252	1543	1181	1741	3392	4098	4606	3277	4228	2964	3410	2571
chr1	10400000	10450000	chr1_10400000_10450000	1568	902	1493	1272	1424	1792	1337	1869	3077	3600	4045	2891	4849	3359	3666	2907
chr1	10450000	10500000	chr1_10450000_10500000	3635	3065	3201	3115	2679	2954	2718	3366	2528	3082	3306	2458	4198	3095	2630	2078
chr1	10500000	10550000	chr1_10500000_10550000	4853	4189	4163	4386	3449	3777	3475	4359	2430	3152	3085	2375	4054	2928	2232	1616
chr1	10550000	10600000	chr1_10550000_10600000	1912	1511	1816	1606	883	993	797	1107	2308	2673	2833	2113	2105	1469	1584	1186
chr1	10600000	10650000	chr1_10600000_10650000	1625	1205	1487	1401	1374	1615	1338	1921	1944	2189	2437	1777	3449	2513	2559	2096
chr1	10650000	10700000	chr1_10650000_10700000	2193	1511	2021	1684	1856	2159	1698	2304	3158	3792	3966	2750	4769	3339	3156	2324
chr1	10700000	10750000	chr1_10700000_10750000	931	572	888	730	693	832	628	928	1452	1653	1815	1328	2154	1395	1617	1266
chr1	10750000	10800000	chr1_10750000_10800000	2062	1498	1822	1715	1856	2167	1689	2200	2574	2921	3041	2197	4028	2908	2647	2042
chr1	10800000	10850000	chr1_10800000_10850000	2605	2120	2381	2341	1982	2297	2010	2749	2603	3047	3324	2474	4125	2980	2819	2146
chr1	10850000	10900000	chr1_10850000_10900000	2940	2370	2759	2644	2417	2743	2591	3362	2973	3739	3907	2780	4258	2979	2930	2251
chr1	10900000	10950000	chr1_10900000_10950000	3887	3322	3399	3348	2888	3198	2748	3820	2796	3373	3491	2661	4225	3100	2568	1960
chr1	10950000	11000000	chr1_10950000_11000000	1720	1105	1630	1401	1571	1876	1510	2125	2976	3471	3904	2767	4538	3158	3282	2559
chr1	11000000	11050000	chr1_11000000_11050000	2351	1662	2150	2000	1829	2102	1657	2363	2932	3383	3751	2621	4404	3218	2811	2217
chr1	11050000	11100000	chr1_11050000_11100000	2971	2308	2701	2546	2404	2591	2300	3181	2880	3589	3666	2607	4478	3260	2683	1957
chr1	11100000	11150000	chr1_11100000_11150000	5398	4756	4401	4780	3518	3843	3311	4314	2566	3268	3146	2386	4002	2974	2128	1667
chr1	11150000	11200000	chr1_11150000_11200000	2861	2139	2501	2340	2218	2583	2029	2813	3043	3667	3897	2637	4892	3555	3487	2748
chr1	11200000	11250000	chr1_11200000_11250000	2577	1922	2196	2086	2081	2350	1810	2565	2869	3460	3614	2546	4615	3288	3096	2323
chr1	11250000	11300000	chr1_11250000_11300000	1959	1317	1889	1677	1686	1969	1588	2273	2937	3563	3951	2682	4730	3404	3483	2703
chr1	11300000	11350000	chr1_11300000_11350000	2188	1701	2080	1935	2165	2511	2256	2989	2274	2860	3214	2250	4402	3080	2890	2187
chr1	11350000	11400000	chr1_11350000_11400000	1655	1054	1653	1391	1429	1755	1404	2000	2815	3411	3761	2727	4583	3193	3446	2671
chr1	11400000	11450000	chr1_11400000_11450000	2608	1789	2368	2128	1977	2220	1600	2276	3642	4470	4708	3291	5031	3633	3201	2436
chr1	11450000	11500000	chr1_11450000_11500000	3132	2458	2899	2735	2224	2599	2261	2962	2898	3423	3707	2783	4281	3078	3132	2369
chr1	11500000	11550000	chr1_11500000_11550000	1993	1430	1983	1713	1797	2083	1720	2356	3039	3624	4063	2953	4777	3357	3335	2533
chr1	11550000	11600000	chr1_11550000_11600000	2940	2308	2645	2469	2100	2462	1942	2601	3208	3775	4075	2970	4851	3437	3539	2695
chr1	11600000	11650000	chr1_11600000_11650000	2377	1724	2175	2076	2044	2341	1738	2469	3098	3793	4052	2899	4717	3362	3412	2658
chr1	11650000	11700000	chr1_11650000_11700000	2986	2550	2834	2837	2197	2506	2032	2726	3194	3673	4137	2938	4488	3292	3324	2548
chr1	11700000	11750000	chr1_11700000_11750000	3549	2936	3164	3201	2793	2995	2552	3367	2764	3291	3571	2548	4314	3163	2657	2005
chr1	11750000	11800000	chr1_11750000_11800000	2677	2033	2537	2298	2116	2408	1981	2659	2998	3607	3829	2736	4660	3262	2828	2156
chr1	11800000	11850000	chr1_11800000_11850000	2206	1533	2038	1795	1754	2034	1711	2386	3113	3724	4040	2969	4606	3278	3251	2571
chr1	11850000	11900000	chr1_11850000_11900000	2643	2135	2439	2408	1994	2272	2040	2642	2300	2736	2940	2121	3465	2554	2142	1577
chr1	11900000	11950000	chr1_11900000_11950000	1292	881	1270	1111	1137	1458	1088	1570	2001	2334	2697	1902	3209	2219	2362	1869
chr1	11950000	12000000	chr1_11950000_12000000	1806	1153	1683	1443	1612	1790	1384	2062	2754	3358	3809	2622	4454	3039	3189	2505
chr1	12000000	12050000	chr1_12000000_12050000	1737	998	1699	1424	1504	1848	1455	2142	3419	3952	4666	3219	5120	3474	4009	3121
chr1	12050000	12100000	chr1_12050000_12100000	3191	2628	2761	2723	2464	2721	2422	3143	2566	3071	3161	2296	4088	3002	2372	1776
chr1	12100000	12150000	chr1_12100000_12150000	3024	2517	2841	2834	2538	2775	2444	3260	2782	3223	3451	2521	4254	3145	2778	2112
chr1	12150000	12200000	chr1_12150000_12200000	3222	2597	2795	2806	2362	2687	2259	2930	2692	3422	3513	2598	4418	3109	2802	2163
chr1	12200000	12250000	chr1_12200000_12250000	1579	908	1550	1203	1524	1759	1320	1749	3078	3594	4067	2829	4667	3245	3569	2659
chr1	12250000	12300000	chr1_12250000_12300000	1994	1348	1977	1727	1798	1979	1604	2247	3352	3944	4357	3030	5035	3513	3833	2878
chr1	12300000	12350000	chr1_12300000_12350000	2851	2139	2614	2469	2227	2538	2197	3004	2682	3159	3397	2434	4326	3171	3065	2296
chr1	12350000	12400000	chr1_12350000_12400000	1861	1460	1753	1674	1656	1838	1600	2204	1926	2342	2439	1671	3418	2451	2087	1552
chr1	12400000	12450000	chr1_12400000_12450000	2332	1683	2048	1946	1733	2001	1541	2060	2654	3220	3026	2189	3966	2919	2437	1842
chr1	12450000	12500000	chr1_12450000_12500000	2092	1370	1924	1653	1709	2066	1659	2455	3158	3760	4107	2852	4923	3467	3850	2855
chr1	12500000	12550000	chr1_12500000_12550000	2714	2005	2484	2320	2053	2274	1895	2684	2764	3572	3717	2776	4351	3167	2973	2208
chr1	12550000	12600000	chr1_12550000_12600000	3914	3262	3666	3506	2024	2457	2123	2892	3065	3883	4069	3016	4319	3057	2845	2161
chr1	12600000	12650000	chr1_12600000_12650000	1932	1253	1824	1570	1523	1880	1378	1982	3007	3422	4077	2798	4727	3213	3483	2668
chr1	12650000	12700000	chr1_12650000_12700000	2606	1973	2412	2226	1953	2242	1878	2565	2543	3029	3351	2430	3747	2737	2529	1982
chr1	12700000	12750000	chr1_12700000_12750000	2537	1972	2386	2201	1991	2347	1968	2629	2952	3386	3760	2562	4376	3018	3129	2392
chr1	12750000	12800000	chr1_12750000_12800000	4066	3522	3612	3567	2896	3171	2808	3766	2699	3250	3299	2424	4171	3127	2176	1659
chr1	12800000	12850000	chr1_12800000_12850000	1789	1104	1698	1441	1479	1868	1268	1902	3392	4102	4307	3020	4754	3272	3337	2551
chr1	12850000	12900000	chr1_12850000_12900000	2129	1444	2090	1806	1083	1248	1034	1501	3468	4003	4563	3174	2844	1925	2123	1605
chr1	12900000	12950000	chr1_12900000_12950000	2027	1618	1891	1849	946	1057	912	1295	2087	2466	2639	1916	1986	1417	1444	1112
chr1	12950000	13000000	chr1_12950000_13000000	1548	1065	1418	1324	793	992	738	1066	2019	2418	2668	1902	2196	1543	1703	1379
chr1	13000000	13050000	chr1_13000000_13050000	2890	2402	2731	2541	2290	2542	2321	3026	2313	2894	3063	2273	3496	2573	2162	1746
chr1	13050000	13100000	chr1_13050000_13100000	907	788	898	869	682	788	708	933	868	1122	1181	840	1441	921	1027	813
chr1	13100000	13150000	chr1_13100000_13150000	910	684	847	787	753	862	688	965	1092	1291	1391	1016	1620	1136	1182	959
chr1	13150000	13200000	chr1_13150000_13200000	1305	948	1279	1198	1102	1258	1054	1439	1717	2025	2169	1612	2435	1744	1614	1219
chr1	13200000	13250000	chr1_13200000_13250000	1517	899	1540	1289	1575	1899	1330	2024	2988	3389	3512	2425	4403	3245	2625	2063
chr1	13250000	13300000	chr1_13250000_13300000	1074	709	1059	941	944	1144	823	1242	1716	2066	2303	1628	2608	1838	1825	1288
chr1	13300000	13350000	chr1_13300000_13350000	909	695	867	761	745	878	726	899	1057	1267	1385	990	1647	1214	1208	1023
chr1	13350000	13400000	chr1_13350000_13400000	1274	950	1148	1130	1046	1157	1048	1325	1536	1834	2046	1421	2458	1749	1807	1377
chr1	13400000	13450000	chr1_13400000_13450000	1464	1284	1331	1420	996	1208	994	1306	1318	1562	1689	1288	1639	1201	1236	988
chr1	13450000	13500000	chr1_13450000_13500000	2769	2277	2494	2466	1973	2254	1972	2593	2207	2680	2877	2066	3495	2530	2143	1706
chr1	13500000	13550000	chr1_13500000_13550000	1417	740	1472	1118	1378	1697	1292	1937	3335	3719	4339	2989	5119	3467	4062	3222
chr1	13550000	13600000	chr1_13550000_13600000	3333	2927	3046	3034	2581	3036	2640	3475	2538	3166	3153	2426	3904	2965	2349	1791
chr1	13600000	13650000	chr1_13600000_13650000	3242	2616	2967	2770	2486	2876	2537	3343	2782	3248	3608	2608	4278	3154	2707	2064
chr1	13650000	13700000	chr1_13650000_13700000	1896	1315	1841	1624	1859	1962	1607	2286	2787	3423	3781	2647	4326	3149	3060	2389
chr1	13700000	13750000	chr1_13700000_13750000	1618	864	1646	1238	1466	1770	1306	1959	3190	3760	4280	3005	4926	3417	3900	2986
chr1	13750000	13800000	chr1_13750000_13800000	2482	1815	2229	2073	1937	2294	1929	2608	2808	3295	3737	2659	4316	3181	3196	2464
chr1	13800000	13850000	chr1_13800000_13850000	3371	2845	3137	2953	2406	2806	2598	3426	2939	3531	3638	2651	4416	3155	2852	2327
chr1	13850000	13900000	chr1_13850000_13900000	2959	2331	2696	2477	2251	2575	2179	2920	2791	3266	3384	2476	4022	3027	2454	1774
chr1	13900000	13950000	chr1_13900000_13950000	2029	1473	1945	1705	1755	2113	1698	2361	3005	3554	3943	2855	4622	3259	3390	2701
chr1	13950000	14000000	chr1_13950000_14000000	2120	1416	2017	1771	1738	2097	1726	2467	3072	3680	4110	2881	4896	3463	3790	2944
chr1	14000000	14050000	chr1_14000000_14050000	2868	2302	2701	2605	2263	2612	2310	3076	2756	3169	3407	2460	4494	3345	3077	2359
chr1	14050000	14100000	chr1_14050000_14100000	3951	3252	3642	3467	2964	3331	3074	3899	2685	3264	3447	2582	4385	3165	2651	1940
chr1	14100000	14150000	chr1_14100000_14150000	1588	1086	1554	1362	1589	1824	1573	2097	2651	2964	3483	2432	4214	3023	3157	2479
chr1	14150000	14200000	chr1_14150000_14200000	2004	1498	1770	1656	1476	1698	1227	1735	2396	2579	2770	2042	3327	2389	2166	1657
chr1	14200000	14250000	chr1_14200000_14250000	2808	2569	2542	2535	2086	2313	2194	2735	1215	1500	1572	1203	2171	1757	1155	963
chr1	14250000	14300000	chr1_14250000_14300000	2297	1362	2342	1943	1412	1692	1227	1806	4204	4971	4947	3445	4365	3120	2653	2115
chr1	14300000	14350000	chr1_14300000_14350000	3418	3042	3059	3132	2250	2491	2349	2974	1534	1897	1922	1448	2568	2047	1424	1027
chr1	14350000	14400000	chr1_14350000_14400000	1456	1051	1420	1296	1451	1673	1486	1979	1992	2340	2637	1878	3479	2561	2471	1882
chr1	14400000	14450000	chr1_14400000_14450000	2130	1600	2115	1870	1992	2408	1908	2674	3228	3733	4285	2881	4759	3357	3190	2544
chr1	14450000	14500000	chr1_14450000_14500000	4043	3596	3529	3731	2711	3088	2593	3419	2434	2936	3079	2295	3865	2897	1982	1584
chr1	14500000	14550000	chr1_14500000_14550000	1931	1271	1830	1597	1718	2133	1716	2449	2798	3383	3885	2712	4684	3257	3498	2733
chr1	14550000	14600000	chr1_14550000_14600000	1855	1059	1752	1562	1636	1878	1514	2183	3084	3718	4221	2863	4878	3435	3882	2917
chr1	14600000	14650000	chr1_14600000_14650000	1536	1120	1539	1349	1706	1990	1649	2123	2093	2481	2685	1904	3224	2404	2369	1919
chr1	14650000	14700000	chr1_14650000_14700000	3269	2725	2979	2965	2563	2791	2559	3309	2733	3234	3512	2553	4294	3041	2892	2252
chr1	14700000	14750000	chr1_14700000_14750000	2634	1967	2556	2253	2043	2363	2100	2811	2842	3427	3696	2686	4587	3140	3210	2519
chr1	14750000	14800000	chr1_14750000_14800000	1612	923	1651	1356	1529	1917	1404	2092	3299	3675	4252	2967	4930	3515	3863	2977
chr1	14800000	14850000	chr1_14800000_14850000	2374	1910	2230	2216	2012	2241	1928	2662	2476	2867	3042	2209	3878	2821	2307	1805
chr1	14850000	14900000	chr1_14850000_14900000	2053	1931	1782	2118	1671	1899	1623	2036	1502	1838	1927	1407	2598	1826	1686	1269
chr1	14900000	14950000	chr1_14900000_14950000	1493	952	1375	1192	1202	1635	1108	1623	2678	3311	3669	2524	3836	2688	2847	2263
chr1	14950000	15000000	chr1_14950000_15000000	1298	826	1243	1001	1065	1214	898	1346	2330	2884	3094	2200	3324	2290	2532	1885
chr1	15000000	15050000	chr1_15000000_15050000	1654	1070	1480	1387	1902	2171	1628	2350	2658	3051	3322	2416	5605	3992	4258	3335
chr1	15050000	15100000	chr1_15050000_15100000	1548	887	1505	1290	1226	1407	1095	1593	3095	3573	3857	2762	3880	2713	2893	2125
chr1	15100000	15150000	chr1_15100000_15150000	1561	976	1597	1312	1405	1827	1385	2044	3164	3670	4248	2855	4789	3333	3839	2910
chr1	15150000	15200000	chr1_15150000_15200000	2467	1754	2391	2028	1987	2238	1812	2348	3014	3476	3774	2736	4318	3145	2968	2300
chr1	15200000	15250000	chr1_15200000_15250000	2898	2137	2633	2466	2493	2903	2461	3195	3074	3557	4063	2869	4696	3437	3416	2697
chr1	15250000	15300000	chr1_15250000_15300000	1510	886	1536	1223	1567	1825	1397	1883	3137	3670	4124	2814	4949	3429	3738	2790
chr1	15300000	15350000	chr1_15300000_15350000	3206	2685	2907	2844	2342	2665	2177	2877	2806	3339	3564	2641	4256	3147	2892	2280
chr1	15350000	15400000	chr1_15350000_15400000	1463	847	1512	1146	1468	1741	1277	1805	3026	3501	4038	2884	4628	3361	3574	2672
chr1	15400000	15450000	chr1_15400000_15450000	1651	1026	1660	1379	1504	1818	1327	2042	3108	3659	4021	2803	4759	3221	3503	2629
chr1	15450000	15500000	chr1_15450000_15500000	2089	1519	1980	1793	1647	1900	1577	2168	2711	3196	3532	2604	3999	2812	2939	2268
chr1	15500000	15550000	chr1_15500000_15550000	2622	2075	2363	2345	2140	2563	2157	2823	2826	3258	3476	2547	4257	3211	2960	2212
chr1	15550000	15600000	chr1_15550000_15600000	2006	1359	1997	1697	1831	1980	1771	2415	3015	3561	3924	2667	4717	3229	3372	2600
chr1	15600000	15650000	chr1_15600000_15650000	1957	1362	1909	1758	1875	2134	1793	2452	3009	3498	4047	2736	4737	3312	3516	2667
chr1	15650000	15700000	chr1_15650000_15700000	1592	977	1552	1327	1466	1762	1300	1871	3096	3413	3967	2869	4658	3283	3523	2700
chr1	15700000	15750000	chr1_15700000_15750000	1932	1524	1804	1715	1600	1726	1498	2044	1866	2348	2601	1856	3228	2329	2412	1759
chr1	15750000	15800000	chr1_15750000_15800000	1445	1107	1317	1264	1061	1133	964	1384	1729	1980	2129	1534	2278	1582	1592	1190
chr1	15800000	15850000	chr1_15800000_15850000	1776	1487	1670	1646	1374	1634	1381	1881	1722	2024	2244	1661	2974	2165	2289	1710
chr1	15850000	15900000	chr1_15850000_15900000	2017	1586	1797	1704	1432	1538	1346	1828	1786	2129	2293	1739	2529	1845	1827	1443
chr1	15900000	15950000	chr1_15900000_15950000	1609	1262	1511	1423	1265	1452	1234	1703	1696	2155	2370	1648	2678	1906	1943	1523
chr1	15950000	16000000	chr1_15950000_16000000	1500	1161	1424	1426	1310	1511	1284	1651	1633	1923	2121	1507	2773	2024	1902	1405
chr1	16000000	16050000	chr1_16000000_16050000	1457	1176	1358	1244	1263	1366	1212	1619	1553	1853	2011	1418	2440	1799	1636	1283
chr1	16050000	16100000	chr1_16050000_16100000	1491	1056	1361	1294	1175	1323	1140	1460	1802	2195	2585	1755	2487	1878	1972	1623
chr1	16100000	16150000	chr1_16100000_16150000	1539	1390	1433	1343	1139	1293	1102	1540	1235	1444	1638	1237	1900	1328	1323	955
chr1	16150000	16200000	chr1_16150000_16200000	837	562	899	785	917	1141	894	1248	1616	1931	2279	1573	2682	1804	2285	1733
chr1	16200000	16250000	chr1_16200000_16250000	1534	1023	1587	1301	1307	1584	1276	1698	2905	3374	3486	2416	3789	2644	2697	2120
chr1	16250000	16300000	chr1_16250000_16300000	2172	1774	2041	1858	1831	2062	1866	2405	1806	2178	2313	1712	2879	2116	1779	1391
chr1	16300000	16350000	chr1_16300000_16350000	1145	818	1156	1003	1140	1425	1048	1463	1812	2248	2673	1872	3350	2208	2691	2095
chr1	16350000	16400000	chr1_16350000_16400000	1839	1450	1635	1523	1313	1472	1286	1804	1571	1752	2027	1489	2412	1615	1594	1269
chr1	16400000	16450000	chr1_16400000_16450000	1126	888	1109	974	1286	1482	1116	1587	1471	1770	1930	1379	2889	2158	2050	1525
chr1	16450000	16500000	chr1_16450000_16500000	1222	755	1112	1032	1075	1320	1037	1481	2015	2353	2730	1866	3241	2290	2400	1860
chr1	16500000	16550000	chr1_16500000_16550000	1872	1395	1786	1677	1821	2141	1543	2136	2916	3527	4027	2797	4784	3300	3636	2898
chr1	16550000	16600000	chr1_16550000_16600000	3798	3241	3521	3584	2936	3364	2972	3744	2884	3496	3649	2713	4468	3201	2840	2112
chr1	16600000	16650000	chr1_16600000_16650000	3951	3241	3291	3328	2352	2724	2590	3304	2512	3019	3068	2363	3919	2873	2543	1958
chr1	16650000	16700000	chr1_16650000_16700000	5796	4984	4867	5077	3731	4139	3736	4727	2388	3144	2942	2405	3859	3091	1961	1448
chr1	16700000	16750000	chr1_16700000_16750000	3418	2921	3059	3172	2626	3074	2642	3506	2652	3148	3446	2470	4018	2999	2504	1935
chr1	16750000	16800000	chr1_16750000_16800000	1226	876	1138	1052	1162	1408	1037	1400	1705	2053	2343	1665	2889	2056	2201	1731
chr1	16800000	16850000	chr1_16800000_16850000	1543	1122	1457	1234	1357	1593	1233	1729	2188	2608	2950	2065	3337	2416	2477	2009
chr1	16850000	16900000	chr1_16850000_16900000	1930	1637	1680	1707	1588	1787	1483	1896	1514	1811	1811	1368	2727	1970	1741	1288
chr1	16900000	16950000	chr1_16900000_16950000	1735	1331	1625	1551	1432	1683	1504	1932	2016	2374	2611	1976	3275	2321	2353	1821
chr1	16950000	17000000	chr1_16950000_17000000	1658	1257	1557	1415	1148	1322	1089	1523	1502	1829	1923	1419	2334	1679	1606	1246
chr1	17000000	17050000	chr1_17000000_17050000	1540	1143	1459	1342	1404	1681	1392	1926	1978	2455	2366	1744	3790	2799	2505	1876
chr1	17050000	17100000	chr1_17050000_17100000	1582	1245	1428	1408	1548	1838	1430	1917	1739	1898	2074	1542	3149	2186	2038	1556
chr1	17100000	17150000	chr1_17100000_17150000	1424	1025	1249	1227	1392	1533	1353	1993	1545	1863	2078	1458	2891	2056	2057	1560
chr1	17150000	17200000	chr1_17150000_17200000	1816	1566	1673	1618	1717	1957	1598	2219	1481	1728	1794	1287	2994	2170	1868	1371
chr1	17200000	17250000	chr1_17200000_17250000	2581	2085	2345	2322	1324	1501	1223	1756	2558	3136	3410	2516	2702	1941	1970	1507
chr1	17250000	17300000	chr1_17250000_17300000	719	499	684	615	1850	2106	1725	2376	1057	1204	1301	995	3763	2712	2609	2103
chr1	17300000	17350000	chr1_17300000_17350000	834	499	842	701	704	881	647	891	1373	1679	1849	1238	1947	1367	1470	1168
chr1	17350000	17400000	chr1_17350000_17400000	1727	1191	1782	1498	1668	1921	1477	2213	2811	3251	3753	2596	4713	3344	3529	2717
chr1	17400000	17450000	chr1_17400000_17450000	1516	995	1360	1210	1105	1339	1058	1412	2118	2524	2949	1985	2953	2100	2130	1719
chr1	17450000	17500000	chr1_17450000_17500000	2145	1840	1923	2105	1436	1565	1392	1768	1796	2022	2331	1626	3015	2226	2209	1683
chr1	17500000	17550000	chr1_17500000_17550000	1829	1632	1666	1748	1407	1640	1299	1727	1731	2027	2212	1618	3028	2223	2229	1815
chr1	17550000	17600000	chr1_17550000_17600000	1608	1308	1420	1385	1642	1959	1496	2102	1570	1838	1991	1433	3522	2599	2662	2076
chr1	17600000	17650000	chr1_17600000_17650000	2066	1492	2018	1853	1238	1390	1145	1350	2881	3438	3756	2692	2625	1880	1750	1378
chr1	17650000	17700000	chr1_17650000_17700000	7363	7313	6180	7177	5054	5777	5073	5959	1792	2511	2322	1861	2840	2361	1522	1128
chr1	17700000	17750000	chr1_17700000_17750000	8004	7659	6808	7441	5593	6131	5336	6571	2400	3162	3121	2499	4473	3783	2530	1936
chr1	17750000	17800000	chr1_17750000_17800000	2127	1590	2098	1910	1687	2018	1671	2244	2919	3523	3800	2684	3844	2742	2749	2179
chr1	17800000	17850000	chr1_17800000_17850000	1288	971	1078	1076	1172	1249	1115	1476	1446	1682	1911	1360	2263	1563	1621	1265
chr1	17850000	17900000	chr1_17850000_17900000	1271	850	1215	1102	1084	1232	941	1373	1680	2043	2287	1594	2741	1954	2163	1669
chr1	17900000	17950000	chr1_17900000_17950000	2116	1384	1997	1820	1812	2096	1745	2494	3274	3874	4407	3095	5008	3672	3963	3076
chr1	17950000	18000000	chr1_17950000_18000000	1715	1101	1522	1357	961	1124	887	1245	2857	3390	3779	2595	2874	2043	2122	1634
chr1	18000000	18050000	chr1_18000000_18050000	2498	1917	2384	2189	1855	2224	1830	2482	2795	3292	3625	2593	3906	2841	2761	2254
chr1	18050000	18100000	chr1_18050000_18100000	2468	1782	2188	2025	2021	2320	1834	2476	3016	3541	3673	2591	4620	3173	3049	2330
chr1	18100000	18150000	chr1_18100000_18150000	1652	1093	1678	1323	1380	1696	1242	1880	2898	3437	3775	2678	4374	3090	3162	2474
chr1	18150000	18200000	chr1_18150000_18200000	2469	1857	2385	2155	2516	2940	2372	3236	3213	3641	4108	2872	5844	4118	4016	3079
chr1	18200000	18250000	chr1_18200000_18250000	1633	1023	1587	1388	1445	1699	1338	1938	2794	3198	3812	2624	4328	3029	3190	2494
chr1	18250000	18300000	chr1_18250000_18300000	1452	813	1464	1133	1377	1699	1144	1615	3040	3617	4120	2797	4770	3314	3594	2814
chr1	18300000	18350000	chr1_18300000_18350000	2446	1917	2371	2256	2026	2453	1870	2520	3025	3770	4052	2953	4963	3576	3459	2496
chr1	18350000	18400000	chr1_18350000_18400000	1310	969	1338	1201	1153	1466	1126	1604	1891	2261	2528	1853	3450	2358	2650	2065
chr1	18400000	18450000	chr1_18400000_18450000	2077	1611	1932	1833	2111	2496	2084	2808	2555	2949	3275	2326	4944	3461	3660	2881
chr1	18450000	18500000	chr1_18450000_18500000	2250	1616	2163	1977	1852	2207	1741	2374	3218	3794	4321	3029	4839	3356	3713	2870
chr1	18500000	18550000	chr1_18500000_18550000	3084	2692	2659	2771	1948	2335	1864	2409	2895	3339	3648	2636	4190	2966	3070	2450
chr1	18550000	18600000	chr1_18550000_18600000	1265	795	1269	1071	1024	1321	1004	1376	2259	2675	3083	2048	3223	2276	2396	1822
chr1	18600000	18650000	chr1_18600000_18650000	1497	892	1429	1198	1291	1499	1180	1655	2866	3273	3704	2572	4019	2785	2897	2302
chr1	18650000	18700000	chr1_18650000_18700000	2189	1332	2129	1836	1345	1602	1304	1736	3920	4629	5517	3783	4164	2967	3617	2874
chr1	18700000	18750000	chr1_18700000_18750000	4704	4622	3962	4539	4007	4325	3936	4870	1259	1839	1638	1437	3341	2543	1610	1257
chr1	18750000	18800000	chr1_18750000_18800000	5803	5227	4949	5481	4190	4530	4232	5275	1675	2348	2096	1763	3398	2804	1646	1179
chr1	18800000	18850000	chr1_18800000_18850000	3270	3239	2796	3300	3177	3499	3204	3934	1130	1526	1372	1099	3091	2354	1729	1278
chr1	18850000	18900000	chr1_18850000_18900000	5413	5173	4527	5211	3799	4208	4034	5025	1335	1808	1654	1394	3277	2517	1806	1357
chr1	18900000	18950000	chr1_18900000_18950000	4545	3914	4179	4297	3511	3829	3674	4633	2119	2663	2571	2036	3828	2909	2050	1528
chr1	18950000	19000000	chr1_18950000_19000000	6217	5793	5555	6040	4713	5455	4951	5826	2531	3247	3247	2509	4472	3482	2450	1881
chr1	19000000	19050000	chr1_19000000_19050000	8121	7628	7053	7949	6124	6540	6380	7771	2647	3486	3246	2757	3896	3180	1776	1348
chr1	19050000	19100000	chr1_19050000_19100000	1624	995	1547	1326	1426	1689	1495	2076	2900	3302	3952	2769	4358	3047	3440	2587
chr1	19100000	19150000	chr1_19100000_19150000	1355	998	1258	1188	1536	1804	1390	1801	1650	1995	2122	1611	3821	2771	2641	1979
chr1	19150000	19200000	chr1_19150000_19200000	1276	784	1224	1059	1421	1731	1222	1752	2202	2431	2770	1946	4094	2898	2944	2362
chr1	19200000	19250000	chr1_19200000_19250000	3190	2599	2995	2820	2154	2522	2001	2702	3343	3991	4335	3083	4691	3310	3377	2466
chr1	19250000	19300000	chr1_19250000_19300000	2591	2117	2390	2424	2261	2622	2141	2949	2783	3159	3637	2608	4713	3494	3576	2880
chr1	19300000	19350000	chr1_19300000_19350000	1632	1072	1504	1348	1750	2207	1684	2243	2713	3199	3646	2594	5175	3615	4148	3144
chr1	19350000	19400000	chr1_19350000_19400000	2270	1942	2059	2005	1877	2115	1799	2438	2284	2803	2994	2134	3821	2805	2682	2122
chr1	19400000	19450000	chr1_19400000_19450000	4070	3572	3549	3585	2907	3116	2778	3615	2299	2852	2972	2182	3937	2983	2453	1883
chr1	19450000	19500000	chr1_19450000_19500000	2365	1940	2303	2247	2057	2420	2090	2778	2492	2980	3302	2447	4470	3174	3214	2552
chr1	19500000	19550000	chr1_19500000_19550000	1845	1138	1808	1427	1527	1821	1372	1925	3470	4233	4461	3064	4690	3359	3475	2627
chr1	19550000	19600000	chr1_19550000_19600000	1737	1111	1692	1381	2276	2647	2189	3067	2960	3350	3806	2596	6701	4770	5249	4096
chr1	19600000	19650000	chr1_19600000_19650000	2058	1280	1957	1741	1723	1826	1651	2287	3282	3890	4447	3023	3644	2634	2634	1950
chr1	19650000	19700000	chr1_19650000_19700000	1345	1025	1293	1181	976	1078	900	1242	1806	2135	2419	1734	2454	1785	1954	1562
chr1	19700000	19750000	chr1_19700000_19750000	3032	2368	2694	2529	2241	2469	2188	2861	2508	2863	3069	2289	3594	2589	2103	1574
chr1	19750000	19800000	chr1_19750000_19800000	1666	1139	1670	1480	1593	1856	1538	2123	2822	3343	3560	2473	4525	3138	3277	2545
chr1	19800000	19850000	chr1_19800000_19850000	2333	1724	2126	2065	1857	2128	1735	2446	2725	3258	3352	2511	4265	3002	3041	2219
chr1	19850000	19900000	chr1_19850000_19900000	1707	942	1714	1308	1465	1765	1378	1889	3257	3861	4428	3100	4595	3234	3523	2759
chr1	19900000	19950000	chr1_19900000_19950000	2742	1982	2429	2258	2063	2374	1952	2676	2996	3614	3940	2818	4570	3350	3552	2832
chr1	19950000	20000000	chr1_19950000_20000000	2788	2259	2537	2423	2090	2362	2030	2738	2898	3334	3740	2619	3999	3069	2796	2085
chr1	20000000	20050000	chr1_20000000_20050000	1595	872	1653	1283	1596	1938	1455	2099	3270	3852	4482	3176	5105	3565	4000	3271
chr1	20050000	20100000	chr1_20050000_20100000	2555	1841	2463	2084	2092	2333	1923	2672	3145	3748	4158	2892	4662	3373	3412	2639
chr1	20100000	20150000	chr1_20100000_20150000	8328	7855	6872	7716	5487	5882	5456	6569	2158	2912	2737	2231	3761	3130	1691	1245
chr1	20150000	20200000	chr1_20150000_20200000	9096	8735	7829	8752	5814	6494	5934	7240	2164	2973	2757	2387	3713	2971	1716	1321
chr1	20200000	20250000	chr1_20200000_20250000	5105	4764	4370	4820	2787	3078	2956	3667	2093	2782	2653	2163	3296	2481	2013	1510
chr1	20250000	20300000	chr1_20250000_20300000	1913	1272	1756	1537	1625	1903	1568	2198	2716	3301	3538	2555	4180	2886	3123	2479
chr1	20300000	20350000	chr1_20300000_20350000	1646	1158	1555	1339	1489	1760	1365	1898	2828	3218	3675	2682	4320	3003	3162	2440
chr1	20350000	20400000	chr1_20350000_20400000	2727	2051	2472	2287	1890	2230	1811	2501	2519	3069	3420	2366	3977	2812	2727	2217
chr1	20400000	20450000	chr1_20400000_20450000	2225	1779	2012	1925	1973	2272	1883	2465	1979	2325	2600	1925	4266	3086	3087	2305
chr1	20450000	20500000	chr1_20450000_20500000	2417	2065	2061	2197	1893	2142	1748	2481	1846	2240	2294	1692	3870	2913	2811	2115
chr1	20500000	20550000	chr1_20500000_20550000	3370	2935	2962	3003	2312	2598	2086	2743	2398	2964	3052	2335	4792	3555	3457	2607
chr1	20550000	20600000	chr1_20550000_20600000	2357	2097	2163	2327	1883	2226	1899	2471	1634	1994	2089	1560	3930	2710	2729	2039
chr1	20600000	20650000	chr1_20600000_20650000	2000	1432	1877	1722	1506	1855	1517	2088	2544	3025	3531	2441	3718	2676	2917	2179
chr1	20650000	20700000	chr1_20650000_20700000	2141	1794	1931	1938	1705	1958	1601	2124	1757	2103	2184	1672	3911	2840	2877	2229
chr1	20700000	20750000	chr1_20700000_20750000	3018	2483	2604	2514	1671	2100	1552	2171	2591	3108	3334	2443	3662	2539	2532	2004
chr1	20750000	20800000	chr1_20750000_20800000	3427	2790	3003	2899	2362	2750	2304	2945	2697	3238	3399	2481	4057	2843	2428	1927
chr1	20800000	20850000	chr1_20800000_20850000	1920	1275	1813	1552	1782	1995	1575	2202	2824	3315	3708	2530	4422	3145	3175	2463
chr1	20850000	20900000	chr1_20850000_20900000	2504	1399	2465	2055	2070	2585	1907	2836	4958	5961	6873	4727	6926	4867	5441	4212
chr1	20900000	20950000	chr1_20900000_20950000	2280	1609	2033	1869	1656	2045	1722	2315	2954	3528	3975	2920	4513	3167	3583	2823
chr1	20950000	21000000	chr1_20950000_21000000	1499	1230	1382	1353	1244	1439	1266	1621	1535	1824	1930	1460	2482	1826	1776	1453
chr1	21000000	21050000	chr1_21000000_21050000	1184	841	1148	1053	999	1181	931	1321	1421	1730	1964	1389	2225	1708	1757	1347
chr1	21050000	21100000	chr1_21050000_21100000	1163	784	1125	995	1432	1725	1312	1773	1874	2124	2412	1720	3874	2735	2990	2299
chr1	21100000	21150000	chr1_21100000_21150000	812	600	708	756	1572	1736	1394	1859	1041	1272	1351	1016	4306	2890	3157	2472
chr1	21150000	21200000	chr1_21150000_21200000	1932	1513	1757	1787	1570	1876	1564	2120	2217	2488	2868	2056	4011	2766	3133	2461
chr1	21200000	21250000	chr1_21200000_21250000	1832	1279	1776	1555	1598	1953	1509	2156	2718	3189	3600	2419	4438	3175	3257	2447
chr1	21250000	21300000	chr1_21250000_21300000	3796	3435	3307	3774	2931	3408	2976	3880	2504	2985	3189	2426	3744	2762	2428	1825
chr1	21300000	21350000	chr1_21300000_21350000	2608	1815	2457	2138	2207	2521	2079	2846	3363	4036	4588	3281	5286	3779	3816	2975
chr1	21350000	21400000	chr1_21350000_21400000	2348	1699	2205	2030	1577	1809	1482	2016	2720	3441	3628	2650	3563	2488	2418	1882
chr1	21400000	21450000	chr1_21400000_21450000	1763	1246	1659	1508	1196	1474	1247	1661	2296	2734	2964	2083	3048	2116	2126	1672
chr1	21450000	21500000	chr1_21450000_21500000	2047	1577	1921	1759	1528	1807	1460	1936	2317	2798	3041	2176	3238	2375	2439	1815
chr1	21500000	21550000	chr1_21500000_21550000	1464	1221	1360	1358	1005	1172	957	1331	1615	1922	2138	1528	2177	1580	1580	1179
chr1	21550000	21600000	chr1_21550000_21600000	3000	2665	2628	2742	1560	1880	1544	2011	2274	2728	2937	2164	3594	2711	2593	2033
chr1	21600000	21650000	chr1_21600000_21650000	1870	1414	1730	1644	1541	1864	1518	2081	2065	2547	2693	1943	3466	2524	2424	2011
chr1	21650000	21700000	chr1_21650000_21700000	2933	2434	2597	2556	2028	2266	1891	2505	2209	2754	2845	2092	3414	2516	2198	1678
chr1	21700000	21750000	chr1_21700000_21750000	4287	3859	3892	3829	2962	3203	2673	3582	2232	2960	2690	2052	3511	2696	1505	1062
chr1	21750000	21800000	chr1_21750000_21800000	2808	2116	2556	2416	2959	3363	3030	3848	3469	4090	4543	3223	5174	3794	3913	3010
chr1	21800000	21850000	chr1_21800000_21850000	1677	1071	1622	1329	1704	1965	1437	2213	3118	3670	4061	2883	5028	3332	3695	2911
chr1	21850000	21900000	chr1_21850000_21900000	3338	2661	2926	2876	2836	3232	2769	3545	2858	3420	3728	2679	4252	3123	2657	2023
chr1	21900000	21950000	chr1_21900000_21950000	2138	1557	1962	1803	1714	2027	1519	2090	2927	3511	3798	2607	4358	3045	3174	2435
chr1	21950000	22000000	chr1_21950000_22000000	2878	2286	2570	2503	2032	2475	1922	2603	2750	3319	3660	2610	4279	3060	2962	2404
chr1	22000000	22050000	chr1_22000000_22050000	2266	1560	2122	1934	1372	1664	1320	1778	3171	3764	4193	2935	3475	2515	2610	2028
chr1	22050000	22100000	chr1_22050000_22100000	2426	2024	2165	2263	1447	1675	1429	1894	2047	2547	2676	2005	2821	2021	1943	1527
chr1	22100000	22150000	chr1_22100000_22150000	1640	1108	1693	1548	1718	2016	1622	2248	2690	3230	3570	2507	4488	3104	3435	2660
chr1	22150000	22200000	chr1_22150000_22200000	1930	1185	1885	1611	1709	2046	1557	2306	3178	3944	4372	3043	4940	3464	3791	2875
chr1	22200000	22250000	chr1_22200000_22250000	3074	2440	2804	2730	2575	2929	2322	3060	3412	3999	4158	3011	5015	3580	3278	2556
chr1	22250000	22300000	chr1_22250000_22300000	6555	6011	5468	5908	4425	5028	4425	5571	2215	2959	2833	2306	3810	3033	2008	1468
chr1	22300000	22350000	chr1_22300000_22350000	5123	4633	4400	4564	3497	3935	3393	4440	2588	3124	3236	2574	4167	3173	2359	1764
chr1	22350000	22400000	chr1_22350000_22400000	3471	2825	3177	2918	2528	2738	2371	3095	2656	3269	3347	2445	4202	3077	2205	1683
chr1	22400000	22450000	chr1_22400000_22450000	5506	4940	4757	4873	3860	4242	3720	4681	2602	3336	3397	2639	4449	3296	2701	2115
chr1	22450000	22500000	chr1_22450000_22500000	6520	5804	5689	6073	4425	4775	4293	5307	2728	3594	3600	2914	4358	3411	2528	1949
chr1	22500000	22550000	chr1_22500000_22550000	1945	1425	1781	1659	1604	1961	1509	2055	2457	2962	3371	2298	3856	2781	2686	2105
chr1	22550000	22600000	chr1_22550000_22600000	2335	1922	2119	2191	2192	2562	2135	2803	2531	2857	3199	2465	4460	3142	3095	2408
chr1	22600000	22650000	chr1_22600000_22650000	2114	1461	1827	1725	2329	2717	2037	2784	2779	3384	3519	2512	5310	3800	3403	2532
chr1	22650000	22700000	chr1_22650000_22700000	4964	4341	4310	4395	3515	3962	3447	4356	2429	3145	3027	2390	4014	3145	1997	1473
chr1	22700000	22750000	chr1_22700000_22750000	2842	2288	2515	2621	2672	3099	2434	3093	2933	3393	3785	2721	4651	3384	3445	2672
chr1	22750000	22800000	chr1_22750000_22800000	6058	5719	5317	5655	4977	5514	5080	6114	2455	3070	3027	2415	3686	3072	1934	1431
chr1	22800000	22850000	chr1_22800000_22850000	5698	5076	4980	5052	4263	4637	4111	5105	2533	3207	3163	2531	4057	3217	2257	1735
chr1	22850000	22900000	chr1_22850000_22900000	1503	861	1368	1114	1454	1722	1203	1649	2972	3439	3845	2663	4696	3129	3360	2621
chr1	22900000	22950000	chr1_22900000_22950000	2120	1463	1974	1694	1774	2032	1602	2248	2801	3419	3769	2648	4601	3186	3377	2603
chr1	22950000	23000000	chr1_22950000_23000000	1754	1109	1726	1418	1633	1946	1400	2030	2943	3472	3841	2654	4610	3208	3291	2509
chr1	23000000	23050000	chr1_23000000_23050000	2472	1970	2302	2308	1612	1732	1448	1999	2778	3210	3721	2512	3300	2319	2227	1734
chr1	23050000	23100000	chr1_23050000_23100000	3578	2591	3197	2991	2154	2468	2173	2770	4182	4910	5331	3929	2676	1993	1868	1401
chr1	23100000	23150000	chr1_23100000_23150000	1588	967	1490	1226	1200	1454	1101	1571	2825	3291	3797	2660	3828	2710	2951	2336
chr1	23150000	23200000	chr1_23150000_23200000	2309	1697	2211	1888	1811	2118	1633	2145	2855	3408	3642	2540	4416	3113	3004	2408
chr1	23200000	23250000	chr1_23200000_23250000	3669	3046	3209	3175	2520	2803	2393	3077	2521	3179	3289	2361	4081	3024	2257	1765
chr1	23250000	23300000	chr1_23250000_23300000	4150	3386	3517	3456	2670	2896	2471	3233	2502	3128	3162	2354	3950	3019	2258	1713
chr1	23300000	23350000	chr1_23300000_23350000	2442	1784	2077	1887	2075	2310	1845	2483	2643	3255	3383	2456	4198	3086	2642	2084
chr1	23350000	23400000	chr1_23350000_23400000	2303	1785	2108	1989	1843	1992	1650	2234	2852	3377	3805	2663	4015	3015	3154	2557
chr1	23400000	23450000	chr1_23400000_23450000	2700	2060	2604	2450	2255	2532	2256	3100	3298	3982	4600	3278	4910	3607	3773	2968
chr1	23450000	23500000	chr1_23450000_23500000	1931	1299	1888	1691	1710	1906	1617	2224	3253	3890	4340	3090	5009	3482	4019	3141
chr1	23500000	23550000	chr1_23500000_23550000	1744	1085	1716	1378	1565	1863	1443	1974	3126	3616	4076	2814	4906	3388	3778	2943
chr1	23550000	23600000	chr1_23550000_23600000	2025	1510	1971	1721	1742	2113	1657	2327	3178	3774	4093	2924	4997	3496	3696	2802
chr1	23600000	23650000	chr1_23600000_23650000	3270	2736	2958	2889	2517	2928	2314	3102	2784	3316	3642	2670	4459	3215	2817	2239
chr1	23650000	23700000	chr1_23650000_23700000	3338	2761	2985	3120	3063	3677	2945	3795	3133	3770	4222	3006	5054	3514	3546	2821
chr1	23700000	23750000	chr1_23700000_23750000	1413	752	1414	1119	1398	1631	1028	1578	3233	3744	4155	2771	4802	3267	3433	2784
chr1	23750000	23800000	chr1_23750000_23800000	5180	4824	4430	4926	3953	4578	4104	5034	2253	2797	2771	2195	3915	3129	2301	1790
chr1	23800000	23850000	chr1_23800000_23850000	2861	2216	2616	2550	3013	3316	3114	3894	2634	3230	3507	2542	4768	3465	3229	2535
chr1	23850000	23900000	chr1_23850000_23900000	1365	754	1247	1058	1374	1631	1199	1754	2747	3166	3556	2529	4548	3051	3365	2494
chr1	23900000	23950000	chr1_23900000_23950000	3195	2707	2779	2916	2555	2900	2354	2976	2482	2988	3053	2280	3925	2907	2363	1791
chr1	23950000	24000000	chr1_23950000_24000000	5294	4845	4515	4803	5340	5744	5219	6348	1515	1915	1827	1535	3973	3302	1909	1395
chr1	24000000	24050000	chr1_24000000_24050000	7439	6939	6367	6965	6709	7304	7223	8436	2254	2996	2920	2488	4735	3837	2522	1968
chr1	24050000	24100000	chr1_24050000_24100000	7033	6428	5871	6363	5546	6010	5674	6777	1623	2275	1993	1751	3150	2711	1193	916
chr1	24100000	24150000	chr1_24100000_24150000	6761	6141	5720	6151	5708	6134	5817	6974	1870	2490	2265	1891	3681	3139	1571	1197
chr1	24150000	24200000	chr1_24150000_24200000	5040	4652	4399	4624	4651	5219	4767	6117	1618	2108	2030	1644	3750	2944	1904	1421
chr1	24200000	24250000	chr1_24200000_24250000	4553	4080	3951	4265	3790	4146	3863	4797	1947	2547	2482	1885	3737	2976	1943	1457
chr1	24250000	24300000	chr1_24250000_24300000	5255	5383	4707	5621	4336	4933	4527	5440	1794	2384	2261	1865	3874	3072	2274	1706
chr1	24300000	24350000	chr1_24300000_24350000	3767	3450	3312	3483	4965	5494	4900	6074	1614	1952	1907	1498	4476	3568	1934	1421
chr1	24350000	24400000	chr1_24350000_24400000	7106	6450	6258	6737	4800	5301	4896	6243	2366	3148	2932	2550	3617	2810	1559	1187
chr1	24400000	24450000	chr1_24400000_24450000	3737	3470	3371	3663	3108	3484	3078	3883	1599	2028	1907	1512	2711	2151	1345	1028
chr1	24450000	24500000	chr1_24450000_24500000	2392	1914	2053	2190	2760	3062	2896	3593	1449	1821	1946	1389	3449	2665	1826	1417
chr1	24500000	24550000	chr1_24500000_24550000	5197	4838	4514	4882	4029	4417	4182	4989	2048	2688	2494	2039	3552	2839	1980	1466
chr1	24550000	24600000	chr1_24550000_24600000	3245	2942	2776	3070	3467	3974	3573	4568	1493	1903	1907	1533	3778	2942	2034	1472
chr1	24600000	24650000	chr1_24600000_24650000	4112	3625	3574	3668	3549	3750	3334	4276	1751	2154	2054	1793	3327	2545	1673	1227
chr1	24650000	24700000	chr1_24650000_24700000	3692	3073	3138	3186	2264	2515	2034	2720	2448	2986	3093	2334	4028	2857	2596	2017
chr1	24700000	24750000	chr1_24700000_24750000	926	731	895	870	727	855	789	938	1009	1220	1402	1006	1406	1020	1114	894
chr1	24750000	24800000	chr1_24750000_24800000	624	510	596	551	497	559	443	622	806	905	1016	716	1173	853	876	621
chr1	24800000	24850000	chr1_24800000_24850000	2189	1635	2121	1815	1912	2279	1832	2566	2876	3612	3660	2741	4768	3423	3129	2384
chr1	24850000	24900000	chr1_24850000_24900000	1136	843	1116	1002	1313	1617	1257	1820	1451	1797	1967	1345	3432	2359	2573	1992
chr1	24900000	24950000	chr1_24900000_24950000	998	654	986	823	1005	1196	884	1263	1508	1654	1985	1460	2724	1921	1869	1537
chr1	24950000	25000000	chr1_24950000_25000000	2348	1568	2318	2012	1321	1496	1298	1673	3652	4239	4662	3277	2867	2034	2075	1561
chr1	25000000	25050000	chr1_25000000_25050000	1168	744	1130	892	915	1030	782	1128	1916	2369	2483	1817	2344	1710	1839	1403
chr1	25050000	25100000	chr1_25050000_25100000	1915	1495	1696	1640	1330	1481	1262	1705	1904	2336	2571	1859	2925	2024	2132	1617
chr1	25100000	25150000	chr1_25100000_25150000	1556	1279	1412	1429	1651	1898	1597	2279	1710	2091	2264	1589	3791	2566	2769	2139
chr1	25150000	25200000	chr1_25150000_25200000	2413	1989	2138	2207	1742	2005	1693	2218	2305	2774	2996	2114	3287	2338	2373	1855
chr1	25200000	25250000	chr1_25200000_25250000	3699	2671	3285	3103	2304	2526	2149	2843	4507	5365	5897	4130	5028	3507	3555	2837
chr1	25250000	25300000	chr1_25250000_25300000	2316	1489	2200	1929	1065	1309	1094	1391	3703	4388	4936	3582	2699	1787	1981	1549
chr1	25300000	25350000	chr1_25300000_25350000	2136	1597	2063	1852	1626	1962	1574	2205	2540	3029	3428	2416	3509	2501	2507	1973
chr1	25350000	25400000	chr1_25350000_25400000	987	624	927	846	653	819	661	935	1369	1622	1822	1318	1419	1047	1072	851
chr1	25400000	25450000	chr1_25400000_25450000	600	433	540	522	510	591	439	698	740	849	933	670	1111	814	817	660
chr1	25450000	25500000	chr1_25450000_25500000	4386	3214	4352	4308	3724	4345	4175	5969	6506	7381	8560	6295	8643	6388	6650	5113
chr1	25500000	25550000	chr1_25500000_25550000	3632	2658	3575	3221	2827	3419	2617	3643	5374	6319	6889	5024	7170	5152	5286	4070
chr1	25550000	25600000	chr1_25550000_25600000	3866	2850	3527	3451	2004	2423	1990	2712	5013	5965	6621	4693	4864	3521	3730	2870
chr1	25600000	25650000	chr1_25600000_25650000	6684	5836	5527	6017	4565	5002	4433	5484	2426	3184	2957	2471	4524	3538	2471	1823
chr1	25650000	25700000	chr1_25650000_25700000	8985	8327	7559	8202	5520	5978	5541	6723	2268	3107	2754	2414	3901	3257	1968	1429
chr1	25700000	25750000	chr1_25700000_25750000	8039	7192	7008	7554	4969	5445	5154	6450	2390	3189	2928	2419	3913	3106	1666	1323
chr1	25750000	25800000	chr1_25750000_25800000	7136	6717	6357	6838	5375	5876	5335	6432	3144	3981	3940	3057	4505	3508	2236	1656
chr1	25800000	25850000	chr1_25800000_25850000	4498	4070	3918	4100	3050	3441	3081	3799	1665	2206	2044	1738	2843	2162	1411	1002
chr1	25850000	25900000	chr1_25850000_25900000	7997	7880	6956	7701	3728	4262	3887	4526	2033	2914	2480	2149	2127	1783	1121	844
chr1	25900000	25950000	chr1_25900000_25950000	2713	2260	2453	2535	2163	2450	2267	3144	2054	2488	2646	2026	3685	2735	2458	1878
chr1	25950000	26000000	chr1_25950000_26000000	838	590	774	753	2001	2364	1585	2358	1303	1620	1815	1232	5538	3972	4011	2945
chr1	26000000	26050000	chr1_26000000_26050000	1124	825	1086	940	1281	1471	1122	1520	1419	1683	1849	1299	3234	2242	2289	1720
chr1	26050000	26100000	chr1_26050000_26100000	818	589	678	667	771	915	742	997	865	1014	1068	817	2130	1540	1486	1164
chr1	26100000	26150000	chr1_26100000_26150000	1693	1547	1591	1734	1215	1442	1263	1646	1258	1506	1666	1239	2060	1544	1567	1248
chr1	26150000	26200000	chr1_26150000_26200000	835	641	784	728	485	572	480	626	768	925	934	707	1142	773	841	653
chr1	26200000	26250000	chr1_26200000_26250000	1047	749	953	882	1072	1257	992	1284	1359	1551	1573	1209	2356	1716	1834	1396
chr1	26250000	26300000	chr1_26250000_26300000	2074	1579	1966	1883	1948	2227	1815	2580	2371	2941	3161	2256	3896	2799	2824	2231
chr1	26300000	26350000	chr1_26300000_26350000	1289	986	1169	1215	1176	1390	1128	1547	1627	1860	1961	1469	2468	1727	1958	1467
chr1	26350000	26400000	chr1_26350000_26400000	1734	1436	1664	1695	1620	1864	1499	2165	2221	2526	2803	2117	3641	2612	2799	2259
chr1	26400000	26450000	chr1_26400000_26450000	1518	1042	1383	1167	1585	1920	1368	1925	2132	2505	2739	1939	4321	3050	3277	2564
chr1	26450000	26500000	chr1_26450000_26500000	955	712	884	855	908	1149	796	1091	1381	1682	1896	1268	2907	1990	2187	1731
chr1	26500000	26550000	chr1_26500000_26550000	1232	828	1124	998	986	1120	985	1217	1772	2039	2296	1565	2510	1731	1871	1501
chr1	26550000	26600000	chr1_26550000_26600000	1255	855	1182	991	1089	1289	980	1455	1848	2192	2342	1676	2957	2054	2087	1614
chr1	26600000	26650000	chr1_26600000_26650000	1200	935	1134	1072	2071	2496	1790	2614	1382	1622	1763	1236	5726	3998	4180	3287
chr1	26650000	26700000	chr1_26650000_26700000	1323	890	1172	1070	2670	3068	2240	3317	1672	1881	2218	1574	7936	5537	6033	4664
chr1	26700000	26750000	chr1_26700000_26750000	1761	1440	1547	1627	2398	2803	2133	3012	2010	2445	2428	1755	6539	4623	4888	3842
chr1	26750000	26800000	chr1_26750000_26800000	2147	1847	1731	1957	3633	4162	3590	4595	1548	1864	2016	1492	6356	4697	4499	3512
chr1	26800000	26850000	chr1_26800000_26850000	1900	1254	1867	1549	1954	2342	1678	2398	3043	3558	3922	2923	5217	3831	4110	3282
chr1	26850000	26900000	chr1_26850000_26900000	1594	1327	1593	1407	2007	2424	1666	2386	2071	2391	2604	1942	5755	4152	4315	3497
chr1	26900000	26950000	chr1_26900000_26950000	1551	924	1540	1231	2453	2949	2119	2909	3000	3496	3920	2800	7592	5318	5932	4756
chr1	26950000	27000000	chr1_26950000_27000000	2240	1600	2101	1967	2712	3260	2602	3359	2789	3127	3465	2522	6596	4617	4550	3437
chr1	27000000	27050000	chr1_27000000_27050000	2515	1984	2330	2278	2070	2491	2011	2659	2692	3167	3525	2519	4916	3747	3870	3030
chr1	27050000	27100000	chr1_27050000_27100000	1750	1234	1705	1576	1975	2439	1805	2537	2540	3131	3435	2405	5923	4172	4504	3468
chr1	27100000	27150000	chr1_27100000_27150000	2262	1564	2213	1927	2573	2932	2298	3268	3501	4091	4482	3135	7012	4977	5030	4082
chr1	27150000	27200000	chr1_27150000_27200000	1827	1241	1800	1604	2250	2540	2262	3035	2885	3328	3617	2717	5122	3720	3791	3038
chr1	27200000	27250000	chr1_27200000_27250000	1858	1410	1798	1680	1672	2090	1504	2128	2895	3469	3837	2603	4710	3207	3563	2693
chr1	27250000	27300000	chr1_27250000_27300000	1691	997	1763	1399	1208	1435	1035	1485	3623	4213	4420	3148	4155	2744	3046	2358
chr1	27300000	27350000	chr1_27300000_27350000	2378	1756	2290	2242	2165	2491	1946	2682	3233	3866	4202	2923	4590	3242	3117	2439
chr1	27350000	27400000	chr1_27350000_27400000	1458	1044	1389	1241	1557	1876	1347	1930	2145	2576	2830	1984	4124	3035	3152	2458
chr1	27400000	27450000	chr1_27400000_27450000	1123	674	1153	886	1295	1502	1182	1742	1982	2355	2589	1855	3845	2708	2788	2216
chr1	27450000	27500000	chr1_27450000_27500000	1429	910	1405	1264	1353	1535	1225	1775	2494	2846	3230	2197	3584	2580	2699	2167
chr1	27500000	27550000	chr1_27500000_27550000	1106	746	1128	942	1507	1572	1246	1832	1911	2293	2482	1724	4338	3021	3344	2595
chr1	27550000	27600000	chr1_27550000_27600000	1428	907	1331	1135	1558	1923	1485	2018	2245	2652	2987	2004	4692	3339	3647	2811
chr1	27600000	27650000	chr1_27600000_27650000	1672	1070	1620	1372	1340	1613	1271	1834	2713	3094	3558	2361	4066	2872	2990	2241
chr1	27650000	27700000	chr1_27650000_27700000	1245	891	1135	1105	978	1171	961	1309	1642	1918	2107	1486	2508	1802	2003	1565
chr1	27700000	27750000	chr1_27700000_27750000	2053	1475	1904	1733	1587	1833	1513	2093	2945	3379	3836	2610	4020	2887	2912	2198
chr1	27750000	27800000	chr1_27750000_27800000	1819	1356	1784	1583	1635	1893	1574	2094	2745	3101	3543	2639	3483	2551	2662	2089
chr1	27800000	27850000	chr1_27800000_27850000	2046	1292	1770	1606	1461	1718	1353	1880	2925	3518	3981	2871	3633	2683	2873	2241
chr1	27850000	27900000	chr1_27850000_27900000	1297	871	1235	1114	1344	1639	1265	1788	2144	2419	2895	1940	3677	2568	2796	2086
chr1	27900000	27950000	chr1_27900000_27950000	1573	1067	1580	1287	1594	1945	1380	1985	2904	3404	3768	2604	4861	3453	3516	2774
chr1	27950000	28000000	chr1_27950000_28000000	3698	3150	3176	3324	3310	3781	3402	4234	3014	3467	3714	2815	3356	2560	2096	1623
chr1	28000000	28050000	chr1_28000000_28050000	4859	4336	4207	4631	3842	4235	3932	4920	1915	2623	2544	1986	3463	2696	1787	1401
chr1	28050000	28100000	chr1_28050000_28100000	5252	4712	4686	4970	4462	4869	4799	5864	2773	3485	3522	2673	3606	2981	1777	1265
chr1	28100000	28150000	chr1_28100000_28150000	3983	3269	3501	3582	4109	4329	4036	5184	2458	3124	3137	2364	3953	2989	1750	1252
chr1	28150000	28200000	chr1_28150000_28200000	5482	4881	4650	4828	2729	3013	2764	3440	2772	3648	3571	2774	2486	1933	1230	900
chr1	28200000	28250000	chr1_28200000_28250000	8955	8601	7439	8554	4402	4897	4404	5278	1852	2561	2286	1977	2240	1908	861	653
chr1	28250000	28300000	chr1_28250000_28300000	8126	7477	6598	7495	5959	6450	5883	7128	2753	3448	3427	2764	3899	3090	1832	1299
chr1	28300000	28350000	chr1_28300000_28350000	4136	3528	3641	3591	4051	4349	4084	5037	2738	3191	3500	2719	3896	3057	2162	1602
chr1	28350000	28400000	chr1_28350000_28400000	1003	654	1019	818	1021	1270	1078	1435	1471	1792	2000	1435	2710	1958	2019	1529
chr1	28400000	28450000	chr1_28400000_28450000	3310	2235	3200	2854	1736	1913	1744	2349	4314	5157	5798	4243	3745	2620	2519	2019
chr1	28450000	28500000	chr1_28450000_28500000	2323	1592	2298	2024	1564	1878	1522	2096	3527	4100	4744	3186	4177	2968	3072	2439
chr1	28500000	28550000	chr1_28500000_28550000	1394	880	1322	1135	911	1084	887	1212	2362	2748	3087	2158	2500	1745	1854	1405
chr1	28550000	28600000	chr1_28550000_28600000	2557	1513	2419	2013	1768	2112	1608	2361	4677	5372	6196	4315	5660	4025	4368	3495
chr1	28600000	28650000	chr1_28600000_28650000	3301	2583	2848	2857	3559	3861	3543	4561	2840	3427	3490	2583	4397	3398	2301	1746
chr1	28650000	28700000	chr1_28650000_28700000	2986	2436	2658	2711	3895	4203	3938	4885	2408	2840	3103	2177	3675	2805	1801	1310
chr1	28700000	28750000	chr1_28700000_28750000	3555	2930	3102	3123	5270	5532	5519	6551	2653	3243	3493	2579	3569	3042	1883	1432
chr1	28750000	28800000	chr1_28750000_28800000	4355	3776	3803	3839	5580	6060	5750	6945	2497	3060	3264	2430	4083	3349	1899	1346
chr1	28800000	28850000	chr1_28800000_28850000	4690	4404	4008	4415	6400	6995	6400	7513	1418	1892	1718	1363	3945	3395	1959	1457
chr1	28850000	28900000	chr1_28850000_28900000	3232	2835	2769	2842	4621	5034	4470	5517	1166	1515	1366	1151	3497	2869	1700	1230
chr1	28900000	28950000	chr1_28900000_28950000	6371	5533	6121	6078	5520	5913	6076	8043	4918	5840	6219	4758	8885	6576	5035	3860
chr1	28950000	29000000	chr1_28950000_29000000	3457	2655	3426	3006	3540	4149	3478	4605	4405	5374	5806	4041	8452	5980	5791	4497
chr1	29000000	29050000	chr1_29000000_29050000	2184	1390	2107	1927	2031	2456	1876	2704	3612	4422	4850	3390	6394	4490	5034	3900
chr1	29050000	29100000	chr1_29050000_29100000	1574	811	1461	1231	1763	2180	1489	2157	3203	3648	4138	2812	5763	4040	4542	3468
chr1	29100000	29150000	chr1_29100000_29150000	670	537	636	595	936	1142	779	1202	732	869	886	667	2827	2082	2157	1670
chr1	29150000	29200000	chr1_29150000_29200000	2989	2518	2562	2628	1905	2160	1675	2391	1889	2309	2454	1724	4206	3128	2996	2253
chr1	29200000	29250000	chr1_29200000_29250000	4866	4267	4185	4478	2646	2792	2556	3276	2181	2741	2782	2175	3618	2755	2240	1780
chr1	29250000	29300000	chr1_29250000_29300000	5383	5146	4694	5055	4304	4866	4417	5372	1728	2283	2121	1759	3776	2996	2064	1576
chr1	29300000	29350000	chr1_29300000_29350000	6766	6182	5655	5922	4249	4623	4411	5274	1636	2417	2101	1890	3085	2465	1149	884
chr1	29350000	29400000	chr1_29350000_29400000	4287	3665	3795	3848	3128	3528	3176	4164	2613	3246	3377	2611	4372	3158	2778	2052
chr1	29400000	29450000	chr1_29400000_29450000	2786	2165	2459	2354	2066	2290	1951	2637	2755	3424	3561	2589	4414	3190	2683	2119
chr1	29450000	29500000	chr1_29450000_29500000	8251	7582	6993	7788	5572	6101	5627	6817	2085	2902	2685	2347	3709	3110	1728	1392
chr1	29500000	29550000	chr1_29500000_29550000	5169	4322	4874	4846	4129	4673	4210	5424	4116	4869	4792	3516	6009	4501	3484	2590
chr1	29550000	29600000	chr1_29550000_29600000	7667	6698	7451	7645	5127	5639	5753	7173	5216	6328	6261	5075	6448	5075	3642	2816
chr1	29600000	29650000	chr1_29600000_29650000	3275	2550	3090	2885	3051	3473	2803	3839	4093	4719	4844	3378	6545	4605	3586	2610
chr1	29650000	29700000	chr1_29650000_29700000	4850	5188	4288	5459	3846	4928	3869	4903	2704	3286	3643	2617	4868	3611	3634	3017
chr1	29700000	29750000	chr1_29700000_29750000	4473	4507	3910	4511	3371	4034	3318	4076	2727	3356	3721	2665	4141	3072	2996	2364
chr1	29750000	29800000	chr1_29750000_29800000	3287	2703	2941	2859	2526	2780	2584	3329	2777	3453	3616	2688	4505	3190	2993	2317
chr1	29800000	29850000	chr1_29800000_29850000	2942	2291	2726	2496	2429	2734	2365	3269	2941	3505	3890	2883	4826	3430	3501	2786
chr1	29850000	29900000	chr1_29850000_29900000	1856	1308	1765	1670	1703	2118	1688	2357	2602	3082	3504	2546	4301	3094	3372	2642
chr1	29900000	29950000	chr1_29900000_29950000	2390	2008	2087	2010	1655	1831	1458	1942	2068	2520	2518	1940	3208	2319	2017	1544
chr1	29950000	30000000	chr1_29950000_30000000	2998	2488	2642	2697	2146	2578	2078	2803	2699	3113	3499	2422	4136	3034	2780	2317
chr1	30000000	30050000	chr1_30000000_30050000	5427	4995	4794	5130	4268	4657	4270	5223	2652	3389	3358	2522	4125	3105	2257	1704
chr1	30050000	30100000	chr1_30050000_30100000	3242	2733	2883	3012	2199	2548	2135	2977	3294	3929	4251	2999	4983	3471	3435	2696
chr1	30100000	30150000	chr1_30100000_30150000	9226	8238	8938	9026	7242	7889	7391	9103	7372	8605	9491	7521	10782	8814	8198	6740
chr1	30150000	30200000	chr1_30150000_30200000	2111	1334	2034	1798	1776	2090	1608	2330	3325	4016	4384	3075	5189	3554	3995	3167
chr1	30200000	30250000	chr1_30200000_30250000	7430	6855	6245	6749	3801	4217	3755	4505	2207	2817	2658	2311	3043	2452	1364	1135
chr1	30250000	30300000	chr1_30250000_30300000	4893	4729	4385	4531	2694	3075	2448	3246	2448	3069	3200	2370	3624	2752	2215	1752
chr1	30300000	30350000	chr1_30300000_30350000	3903	3023	3298	3098	2508	2928	2452	3269	3001	3577	3874	2744	4464	3311	3078	2374
chr1	30350000	30400000	chr1_30350000_30400000	2135	1437	1870	1768	1888	2161	1663	2398	3155	3725	4141	2929	5014	3555	3720	2967
chr1	30400000	30450000	chr1_30400000_30450000	3979	3350	3564	3514	2904	3300	2923	3611	3087	3560	3887	2823	4618	3448	3264	2444
chr1	30450000	30500000	chr1_30450000_30500000	6965	6513	5985	6537	4595	5255	4400	5496	2717	3462	3520	2748	4321	3356	2687	2032
chr1	30500000	30550000	chr1_30500000_30550000	8678	8449	7291	8187	6097	6719	6250	7599	2102	2860	2691	2263	4026	3331	2061	1542
chr1	30550000	30600000	chr1_30550000_30600000	6808	6511	5750	6595	4680	5284	4829	5865	1823	2549	2367	1885	3164	2601	1466	1105
chr1	30600000	30650000	chr1_30600000_30650000	5978	5633	5160	5713	4529	4883	4766	5638	2095	2737	2597	2064	3738	2935	2019	1549
chr1	30650000	30700000	chr1_30650000_30700000	4976	4475	4541	4752	3964	4284	4093	5230	2977	3687	3815	2850	4770	3618	2536	1859
chr1	30700000	30750000	chr1_30700000_30750000	2936	2419	2730	2620	2429	2706	2288	3092	2570	3140	3254	2424	4022	2970	2807	2175
chr1	30750000	30800000	chr1_30750000_30800000	1560	859	1555	1212	1406	1765	1293	1865	3276	3816	4301	2872	5180	3430	3973	2971
chr1	30800000	30850000	chr1_30800000_30850000	1548	829	1485	1230	1416	1730	1346	1865	3107	3654	4264	2879	4875	3432	3649	2777
chr1	30850000	30900000	chr1_30850000_30900000	4838	4181	4137	4028	3526	3844	3556	4547	2355	3077	3049	2304	3980	2951	1950	1425
chr1	30900000	30950000	chr1_30900000_30950000	4088	3352	3573	3450	2596	2916	2317	3106	2540	3086	3059	2326	4011	2973	2140	1666
chr1	30950000	31000000	chr1_30950000_31000000	2609	1813	2302	2070	1843	2132	1780	2294	2882	3522	3844	2674	4184	3034	2798	2256
chr1	31000000	31050000	chr1_31000000_31050000	4605	4338	3987	4466	3253	3797	3084	3896	2538	3093	3061	2232	3673	2767	2107	1630
chr1	31050000	31100000	chr1_31050000_31100000	1498	818	1457	1213	1466	1788	1266	1887	3202	3740	4228	2949	4883	3386	3734	2738
chr1	31100000	31150000	chr1_31100000_31150000	3106	2533	2796	2669	2399	2601	2272	2965	2634	3210	3198	2368	4096	3016	2481	1782
chr1	31150000	31200000	chr1_31150000_31200000	5459	4883	4746	4899	3592	3925	3368	4208	2569	3136	3070	2432	3905	3063	2070	1533
chr1	31200000	31250000	chr1_31200000_31250000	2480	1816	2204	2106	1596	1815	1537	2012	2649	3201	3524	2551	3314	2321	2325	1874
chr1	31250000	31300000	chr1_31250000_31300000	3824	3299	3358	3391	3041	3389	2922	3745	2665	3162	3353	2477	4116	3056	2749	2123
chr1	31300000	31350000	chr1_31300000_31350000	2192	1835	2023	1992	1570	1810	1462	2033	1870	2248	2472	1735	2568	1891	1728	1433
chr1	31350000	31400000	chr1_31350000_31400000	1680	1388	1598	1517	1133	1341	1123	1564	2155	2395	2693	1895	2739	1885	2034	1609
chr1	31400000	31450000	chr1_31400000_31450000	1918	1314	1783	1602	1511	1806	1436	1923	2995	3473	3816	2660	3883	2859	2923	2165
chr1	31450000	31500000	chr1_31450000_31500000	3642	2999	3259	3202	1941	2194	1883	2475	2608	3190	3299	2338	3831	2724	2328	1726
chr1	31500000	31550000	chr1_31500000_31550000	4390	3848	3826	3928	2760	3023	2486	3172	2310	3053	2872	2182	3311	2497	1527	1179
chr1	31550000	31600000	chr1_31550000_31600000	4561	3653	4069	3998	3698	4415	3709	4836	4030	4732	5173	3693	6528	4780	4470	3455
chr1	31600000	31650000	chr1_31600000_31650000	3299	2496	3005	2858	2442	2846	2541	3381	3347	3914	4220	3128	5070	3644	3481	2695
chr1	31650000	31700000	chr1_31650000_31700000	2003	1444	1841	1732	1750	2021	1527	2231	2715	3325	3739	2624	4275	2981	3243	2490
chr1	31700000	31750000	chr1_31700000_31750000	1230	1018	1206	1193	1119	1334	1103	1584	1404	1594	1808	1211	1978	1381	1296	1003
chr1	31750000	31800000	chr1_31750000_31800000	1161	914	1040	1023	571	637	533	698	1250	1508	1672	1163	1203	822	880	733
chr1	31800000	31850000	chr1_31800000_31850000	1859	1250	1749	1486	1198	1310	1045	1438	2949	3373	3815	2742	3007	2063	2357	1811
chr1	31850000	31900000	chr1_31850000_31900000	2780	1796	2794	2347	1301	1577	1212	1755	4774	5679	6358	4517	3103	2292	2294	1901
chr1	31900000	31950000	chr1_31900000_31950000	3839	3476	3425	3642	2954	3336	2899	3666	2686	3219	3162	2461	3960	2859	2090	1649
chr1	31950000	32000000	chr1_31950000_32000000	2538	2040	2292	2268	2172	2398	2083	2773	2523	3021	3269	2375	3931	2762	2651	2132
chr1	32000000	32050000	chr1_32000000_32050000	2812	2434	2586	2556	2774	3030	2816	3796	2321	2789	3021	2177	4383	3212	2721	2028
chr1	32050000	32100000	chr1_32050000_32100000	2680	2133	2462	2294	2072	2323	1995	2552	3005	3431	3703	2659	4599	3126	2931	2301
chr1	32100000	32150000	chr1_32100000_32150000	2829	2088	2540	2333	2131	2468	2083	2826	2882	3541	3834	2748	4662	3256	3135	2499
chr1	32150000	32200000	chr1_32150000_32200000	3228	2605	2869	2867	2201	2548	2302	3191	2868	3516	3738	2666	4567	3297	3071	2237
chr1	32200000	32250000	chr1_32200000_32250000	4059	3436	3604	3560	2820	3217	2783	3581	2705	3216	3264	2587	4194	2940	2602	1938
chr1	32250000	32300000	chr1_32250000_32300000	3986	3262	3546	3382	2808	3240	2781	3740	2866	3542	3652	2801	4375	3357	2610	1981
chr1	32300000	32350000	chr1_32300000_32350000	2479	1759	2220	2009	2032	2355	1767	2566	3176	3695	3989	2784	4652	3356	3378	2563
chr1	32350000	32400000	chr1_32350000_32400000	1488	803	1409	1180	1365	1610	1095	1646	2902	3463	4000	2663	4364	3110	3343	2633
chr1	32400000	32450000	chr1_32400000_32450000	1829	1258	1736	1580	1457	1772	1291	1713	3112	3549	4000	2813	4507	3235	3142	2516
chr1	32450000	32500000	chr1_32450000_32500000	1530	841	1555	1204	954	1218	814	1239	3144	3617	4147	2892	3173	2167	2531	1956
chr1	32500000	32550000	chr1_32500000_32550000	1686	1059	1605	1441	1549	1833	1354	1961	3164	3727	4368	2927	4777	3225	3727	2870
chr1	32550000	32600000	chr1_32550000_32600000	3317	2899	2939	3097	2611	2948	2725	3423	2047	2542	2540	1932	3555	2645	2021	1564
chr1	32600000	32650000	chr1_32600000_32650000	1646	1181	1508	1503	1624	1821	1550	2158	2108	2533	2765	1986	4224	2868	3247	2525
chr1	32650000	32700000	chr1_32650000_32700000	1627	894	1599	1282	1421	1746	1385	1974	2999	3629	4229	2887	4652	3299	3599	2872
chr1	32700000	32750000	chr1_32700000_32750000	1593	939	1595	1325	1641	1940	1532	2164	3230	3747	4171	2925	5250	3661	4013	3102
chr1	32750000	32800000	chr1_32750000_32800000	725	383	763	575	700	837	633	918	1524	1818	1963	1341	2309	1576	1789	1417
chr1	32800000	32850000	chr1_32800000_32850000	2972	2325	2666	2597	2268	2577	2285	2971	2694	3219	3525	2509	4282	3130	3024	2306
chr1	32850000	32900000	chr1_32850000_32900000	1729	1078	1729	1504	1679	1910	1482	2206	2934	3567	4099	2864	4607	3269	3616	2721
chr1	32900000	32950000	chr1_32900000_32950000	2363	1758	2239	2013	1875	2193	1844	2463	2580	3074	3285	2505	4135	2922	2973	2273
chr1	32950000	33000000	chr1_32950000_33000000	1662	1323	1494	1449	1423	1675	1358	1882	1781	2157	2314	1683	2682	1924	1934	1372
chr1	33000000	33050000	chr1_33000000_33050000	3033	2373	2693	2521	2308	2572	2312	3045	2722	3265	3492	2630	4088	2984	2779	2121
chr1	33050000	33100000	chr1_33050000_33100000	1699	1158	1609	1389	1469	1693	1461	2009	2502	2927	3366	2259	4045	2704	2976	2260
chr1	33100000	33150000	chr1_33100000_33150000	1049	642	1041	903	888	1063	826	1186	1796	2160	2390	1705	2879	1908	2153	1683
chr1	33150000	33200000	chr1_33150000_33200000	3329	2877	2893	2979	2450	2723	2331	3120	2561	3174	3287	2431	4095	2994	2653	1990
chr1	33200000	33250000	chr1_33200000_33250000	1072	588	1129	821	889	1073	767	1144	2256	2658	3075	2129	2969	2140	2266	1727
chr1	33250000	33300000	chr1_33250000_33300000	1454	962	1325	1123	1327	1622	1143	1681	2433	2952	3235	2271	3896	2752	2955	2308
chr1	33300000	33350000	chr1_33300000_33350000	2395	1897	2172	2129	1816	2062	1683	2438	2708	3170	3579	2572	4541	3072	3135	2352
chr1	33350000	33400000	chr1_33350000_33400000	3212	2540	3004	2860	2503	2732	2437	3041	2970	3529	3643	2683	4431	3432	3041	2372
chr1	33400000	33450000	chr1_33400000_33450000	3647	3100	3272	3345	2764	3036	2642	3607	2629	3138	3514	2512	4828	3503	3436	2728
chr1	33450000	33500000	chr1_33450000_33500000	2165	1768	2006	1988	1763	2092	1618	2270	2102	2462	2615	1957	3981	2838	2861	2128
chr1	33500000	33550000	chr1_33500000_33550000	1272	975	1150	1023	760	931	661	970	1427	1735	1885	1347	1811	1243	1233	1062
chr1	33550000	33600000	chr1_33550000_33600000	1414	1086	1365	1286	1120	1351	1002	1379	1925	2279	2496	1768	2605	1794	1886	1502
chr1	33600000	33650000	chr1_33600000_33650000	820	644	802	746	630	747	635	870	1148	1354	1477	1110	1527	1070	1152	949
chr1	33650000	33700000	chr1_33650000_33700000	1076	804	1027	932	1073	1252	1015	1376	1447	1749	1971	1380	2650	1988	2162	1682
chr1	33700000	33750000	chr1_33700000_33750000	2095	1521	2011	1889	1929	2196	1941	2703	3071	3545	4075	2897	4959	3522	4185	3379
chr1	33750000	33800000	chr1_33750000_33800000	742	581	696	692	610	707	562	749	1012	1240	1456	1001	1605	1131	1247	972
chr1	33800000	33850000	chr1_33800000_33850000	1798	1527	1522	1626	2029	2340	1895	2480	1363	1610	1752	1282	3084	2348	2044	1654
chr1	33850000	33900000	chr1_33850000_33900000	904	514	865	697	999	1168	859	1251	1749	1972	2170	1595	3317	2249	2519	2016
chr1	33900000	33950000	chr1_33900000_33950000	1266	728	1217	972	892	1084	778	1160	2280	2712	3142	2067	2553	1839	2030	1497
chr1	33950000	34000000	chr1_33950000_34000000	1950	1401	1724	1573	1685	1895	1552	2228	2429	2982	3130	2227	3793	2779	2869	2201
chr1	34000000	34050000	chr1_34000000_34050000	3980	3328	3487	3658	3054	3590	2775	3599	3818	4527	4859	3452	5917	4255	4397	3374
chr1	34050000	34100000	chr1_34050000_34100000	4917	4323	4271	4296	2947	3354	3032	3834	2675	3250	3308	2574	4035	3065	2408	1879
chr1	34100000	34150000	chr1_34100000_34150000	3529	2787	2917	2862	2571	2872	2430	3088	2799	3385	3453	2496	4293	3096	2718	2057
chr1	34150000	34200000	chr1_34150000_34200000	6308	5468	5284	5451	4030	4236	4027	5081	2629	3274	3192	2500	4325	3343	2267	1663
chr1	34200000	34250000	chr1_34200000_34250000	2551	1813	2294	2078	1941	2254	1833	2518	3170	3763	4047	2765	4873	3384	3556	2761
chr1	34250000	34300000	chr1_34250000_34300000	1951	1340	1914	1688	1792	2064	1687	2334	3061	3389	4038	2830	4764	3259	3652	2879
chr1	34300000	34350000	chr1_34300000_34350000	2284	1744	2233	1966	2171	2442	2060	2859	3082	3486	3869	2731	5326	3764	3825	2892
chr1	34350000	34400000	chr1_34350000_34400000	2015	1668	1863	1789	1823	2065	1824	2374	2060	2473	2690	2002	3255	2343	2329	1845
chr1	34400000	34450000	chr1_34400000_34450000	2226	1468	2145	1850	2860	3403	2469	3581	3751	4318	4766	3329	8083	5842	6534	5135
chr1	34450000	34500000	chr1_34450000_34500000	1855	1347	1691	1578	2487	2679	2404	3273	2047	2450	2711	1962	5986	4344	4452	3512
chr1	34500000	34550000	chr1_34500000_34550000	711	596	747	665	550	588	551	716	1104	1247	1488	965	1410	958	1081	820
chr1	34550000	34600000	chr1_34550000_34600000	1873	1574	1794	1737	1810	2032	1909	2500	1777	2202	2323	1720	3265	2396	2274	1721
chr1	34600000	34650000	chr1_34600000_34650000	1214	939	1132	1031	1726	1962	1789	2413	1371	1689	1808	1264	3460	2519	2505	1947
chr1	34650000	34700000	chr1_34650000_34700000	3544	3088	3094	3297	2630	2845	2519	3437	2076	2730	2723	2060	4234	3097	2515	1955
chr1	34700000	34750000	chr1_34700000_34750000	3698	3278	3222	3259	2897	3237	2823	3622	2623	3043	3314	2513	4474	3180	2811	2238
chr1	34750000	34800000	chr1_34750000_34800000	2899	2203	2690	2501	2358	2718	2274	2912	3118	3625	3940	2765	4467	3260	3031	2269
chr1	34800000	34850000	chr1_34800000_34850000	3660	2913	3149	3116	2532	2852	2319	3011	2556	3246	3227	2339	4045	2968	2469	1848
chr1	34850000	34900000	chr1_34850000_34900000	3004	2608	2649	2646	2171	2627	2148	2888	2688	3255	3252	2488	3971	2878	2533	1896
chr1	34900000	34950000	chr1_34900000_34950000	902	523	878	749	823	1038	818	1154	1705	1977	2273	1572	2764	1940	2248	1709
chr1	34950000	35000000	chr1_34950000_35000000	2459	1903	2258	2155	2058	2371	1946	2656	2897	3440	3724	2715	4414	3162	3221	2440
chr1	35000000	35050000	chr1_35000000_35050000	1052	861	1076	964	1454	1708	1357	1813	1638	1915	2217	1535	3259	2371	2612	1950
chr1	35050000	35100000	chr1_35050000_35100000	2067	1470	1986	1781	1762	2029	1784	2558	3133	3630	4198	2961	4890	3545	3783	2919
chr1	35100000	35150000	chr1_35100000_35150000	1447	695	1421	1015	1284	1529	1046	1526	3154	3674	4149	2797	4801	3297	3527	2718
chr1	35150000	35200000	chr1_35150000_35200000	1802	1097	1705	1422	1685	1974	1555	2245	3201	3603	4199	2851	4872	3454	3827	2986
chr1	35200000	35250000	chr1_35200000_35250000	1562	893	1518	1184	1438	1782	1236	1833	3147	3677	4065	2800	4935	3314	3701	2933
chr1	35250000	35300000	chr1_35250000_35300000	2070	1455	2049	1785	1858	2137	1910	2603	2953	3503	3925	2763	4688	3360	3461	2645
chr1	35300000	35350000	chr1_35300000_35350000	3057	2378	2811	2624	2284	2594	2248	3081	3012	3523	3823	2845	4657	3359	3284	2450
chr1	35350000	35400000	chr1_35350000_35400000	3015	2366	2747	2552	2339	2781	2398	3114	2776	3203	3491	2573	4386	3168	2821	2198
chr1	35400000	35450000	chr1_35400000_35450000	1970	1389	2036	1675	1846	2121	1900	2530	2864	3461	3831	2806	4374	2990	3219	2454
chr1	35450000	35500000	chr1_35450000_35500000	2084	1394	2103	1718	1862	2130	1828	2621	3017	3513	3977	2880	4835	3352	3692	2856
chr1	35500000	35550000	chr1_35500000_35550000	3349	2757	2979	2857	2501	2663	2372	3254	2751	3368	3416	2505	4283	3115	2565	2026
chr1	35550000	35600000	chr1_35550000_35600000	2944	2365	2711	2466	2367	2720	2388	3075	3002	3674	3785	2754	4614	3282	3331	2596
chr1	35600000	35650000	chr1_35600000_35650000	2205	1617	2064	1891	1740	2082	1719	2474	3045	3500	4000	2773	4218	3040	3036	2385
chr1	35650000	35700000	chr1_35650000_35700000	2517	1874	2383	2112	1946	2137	1732	2412	2884	3474	3803	2757	4096	2789	2690	2014
chr1	35700000	35750000	chr1_35700000_35750000	1912	1487	1683	1688	1571	1790	1520	2085	2126	2371	2575	1919	3061	2120	2263	1739
chr1	35750000	35800000	chr1_35750000_35800000	1990	1388	1870	1810	1825	2182	1746	2339	3135	3521	4152	2898	4540	3326	3636	2825
chr1	35800000	35850000	chr1_35800000_35850000	1974	1386	1907	1672	1810	2065	1709	2422	2778	3330	3778	2630	4531	3195	3342	2562
chr1	35850000	35900000	chr1_35850000_35900000	8589	5196	9357	7694	6501	7665	6454	8879	14770	15952	17462	13756	16249	12507	12598	10447
chr1	35900000	35950000	chr1_35900000_35950000	3027	2214	2843	2742	2215	2734	2196	2903	3759	4501	4668	3429	5743	4126	3994	3152
chr1	35950000	36000000	chr1_35950000_36000000	2468	1848	2302	2091	2024	2318	1904	2727	2945	3529	3869	2694	5028	3420	3173	2556
chr1	36000000	36050000	chr1_36000000_36050000	2698	2249	2436	2357	2142	2366	2069	2706	2169	2594	2680	2055	3887	2803	2536	1917
chr1	36050000	36100000	chr1_36050000_36100000	2994	2314	2768	2482	2460	2632	2265	3050	2823	3440	3552	2544	4446	3223	2821	2130
chr1	36100000	36150000	chr1_36100000_36150000	1777	1128	1786	1435	1777	2154	1580	2232	3172	3625	4224	2928	5208	3629	3808	2950
chr1	36150000	36200000	chr1_36150000_36200000	1582	974	1598	1356	1424	1765	1365	2025	3280	3827	4421	3057	4885	3383	3831	2943
chr1	36200000	36250000	chr1_36200000_36250000	1795	1141	1850	1446	1311	1637	1193	1830	2953	3444	3870	2642	4683	3226	3718	2730
chr1	36250000	36300000	chr1_36250000_36300000	2731	2101	2452	2286	2200	2360	1935	2730	2821	3268	3623	2616	4370	3192	2827	2158
chr1	36300000	36350000	chr1_36300000_36350000	1516	953	1496	1277	1362	1676	1354	2030	2966	3333	3726	2697	4423	3015	3315	2548
chr1	36350000	36400000	chr1_36350000_36400000	1401	810	1470	1164	1335	1585	1276	1852	2770	3268	3714	2541	4305	2981	3273	2580
chr1	36400000	36450000	chr1_36400000_36450000	2117	1749	1892	1920	1707	1964	1574	2273	1879	2295	2132	1550	3222	2318	1624	1259
chr1	36450000	36500000	chr1_36450000_36500000	1750	1300	1569	1505	1353	1508	1468	1875	1774	2162	2278	1632	2814	1928	1914	1523
chr1	36500000	36550000	chr1_36500000_36550000	2687	2346	2475	2379	1993	2238	1855	2493	1960	2281	2442	1773	2983	2187	1710	1389
chr1	36550000	36600000	chr1_36550000_36600000	3032	2357	2652	2618	2288	2568	2189	2820	2967	3325	3557	2603	4226	3086	2998	2315
chr1	36600000	36650000	chr1_36600000_36650000	1824	1401	1681	1583	1398	1596	1449	1869	1801	2176	2369	1715	2812	1996	2000	1639
chr1	36650000	36700000	chr1_36650000_36700000	2282	2039	2017	2090	1465	1643	1446	1912	1324	1663	1662	1271	1993	1461	1061	833
chr1	36700000	36750000	chr1_36700000_36750000	3095	2413	2668	2697	2416	2680	2448	3352	2633	3193	3411	2539	4396	3162	2898	2075
chr1	36750000	36800000	chr1_36750000_36800000	3716	3152	3366	3217	2579	2870	2468	3187	2843	3419	3464	2579	4132	2979	2178	1641
chr1	36800000	36850000	chr1_36800000_36850000	1450	746	1408	1142	1337	1591	1205	1763	3272	3785	4442	2942	4753	3330	3661	2922
chr1	36850000	36900000	chr1_36850000_36900000	2369	1750	2249	2081	2055	2234	2003	2797	2953	3409	3722	2728	4416	3302	3179	2411
chr1	36900000	36950000	chr1_36900000_36950000	1662	896	1648	1350	1470	1749	1361	1977	3414	3957	4637	3168	4774	3418	3918	3016
chr1	36950000	37000000	chr1_36950000_37000000	2236	1622	2181	1909	1881	2168	1838	2491	2953	3388	3915	2727	4496	3131	3516	2722
chr1	37000000	37050000	chr1_37000000_37050000	1591	922	1537	1311	1464	1714	1260	1911	3091	3492	4249	2872	4477	3171	3331	2673
chr1	37050000	37100000	chr1_37050000_37100000	1350	787	1356	1085	1298	1604	1211	1725	2835	3104	3651	2569	4298	3103	3422	2571
chr1	37100000	37150000	chr1_37100000_37150000	1778	1228	1846	1534	1793	2064	1623	2374	2966	3521	4025	2940	4891	3349	3500	2666
chr1	37150000	37200000	chr1_37150000_37200000	1446	801	1417	1189	1560	1815	1537	2193	2800	3198	3745	2730	4567	3236	3839	2856
chr1	37200000	37250000	chr1_37200000_37250000	1695	1087	1596	1424	1588	1829	1531	2212	2650	3094	3583	2531	3957	2828	3090	2459
chr1	37250000	37300000	chr1_37250000_37300000	3027	2089	3073	2627	2376	2912	2488	3581	4810	5801	6637	4628	7151	5110	5276	4036
chr1	37300000	37350000	chr1_37300000_37350000	2546	1840	2372	2204	1875	2064	1899	2494	2932	3526	3695	2510	4204	3065	2659	2047
chr1	37350000	37400000	chr1_37350000_37400000	2707	2045	2609	2522	2236	2502	2308	3018	2597	3106	2939	2093	4055	2930	2017	1608
chr1	37400000	37450000	chr1_37400000_37450000	2235	1709	2163	1871	1783	1968	1649	2337	2886	3427	3624	2580	4278	3162	2952	2310
chr1	37450000	37500000	chr1_37450000_37500000	2006	1331	2021	1706	1631	1820	1477	2121	3240	3786	4212	2933	4327	2982	3318	2562
chr1	37500000	37550000	chr1_37500000_37550000	3226	2644	2927	2910	2355	2566	2246	2908	2868	3420	3589	2641	4234	2998	2615	2116
chr1	37550000	37600000	chr1_37550000_37600000	1980	1360	1917	1678	1793	2097	1696	2306	3022	3578	4073	2845	4787	3366	3191	2564
chr1	37600000	37650000	chr1_37600000_37650000	2321	1783	2243	2116	1782	1996	1782	2453	2509	2959	3251	2468	4003	2922	2737	2140
chr1	37650000	37700000	chr1_37650000_37700000	1414	1022	1272	1221	1075	1302	1176	1481	1424	1843	1940	1411	2230	1541	1530	1178
chr1	37700000	37750000	chr1_37700000_37750000	2420	1640	2171	1902	2007	2326	1823	2598	3242	3932	4161	2960	5237	3702	3885	3019
chr1	37750000	37800000	chr1_37750000_37800000	1400	837	1443	1184	1416	1676	1242	1856	2783	3390	3693	2668	4283	2948	3326	2465
chr1	37800000	37850000	chr1_37800000_37850000	1498	873	1463	1188	1387	1725	1259	1795	3117	3492	4001	2893	4566	3216	3554	2816
chr1	37850000	37900000	chr1_37850000_37900000	2355	1695	2274	1992	2059	2437	1833	2705	3202	3940	4274	3072	4936	3567	3694	2880
chr1	37900000	37950000	chr1_37900000_37950000	1769	1187	1785	1470	1681	1938	1569	2222	2830	3519	4058	2744	4614	3356	3486	2550
chr1	37950000	38000000	chr1_37950000_38000000	4608	4094	4053	4140	3262	3584	3115	3897	2449	3005	2968	2289	3682	2823	1886	1387
chr1	38000000	38050000	chr1_38000000_38050000	2261	1616	2091	1980	2103	2421	2143	2801	2750	3381	3659	2668	4503	3125	3214	2453
chr1	38050000	38100000	chr1_38050000_38100000	2015	1409	1930	1755	1720	1967	1503	2093	2949	3399	3885	2742	4369	3166	3247	2468
chr1	38100000	38150000	chr1_38100000_38150000	2025	1415	1930	1744	1835	2229	1680	2362	3100	3701	4177	2938	5105	3569	3850	2988
chr1	38150000	38200000	chr1_38150000_38200000	1445	1152	1326	1252	1132	1353	1105	1506	1356	1600	1749	1269	2486	1822	1624	1296
chr1	38200000	38250000	chr1_38200000_38250000	762	490	755	657	612	786	561	857	1333	1576	1719	1224	1853	1300	1350	983
chr1	38250000	38300000	chr1_38250000_38300000	767	658	750	682	1091	1341	1064	1486	795	1005	1144	747	2756	1978	2108	1658
chr1	38300000	38350000	chr1_38300000_38350000	1015	612	1112	877	1171	1320	989	1386	2009	2417	2551	1764	3501	2391	2614	1937
chr1	38350000	38400000	chr1_38350000_38400000	2806	2272	2542	2517	2252	2487	2244	2798	2415	2847	3199	2278	3776	2718	2561	1925
chr1	38400000	38450000	chr1_38400000_38450000	1200	750	1117	1009	1051	1207	1025	1398	2182	2668	3059	2086	3191	2318	2343	1766
chr1	38450000	38500000	chr1_38450000_38500000	2454	2099	2330	2352	2044	2418	1879	2449	3106	3550	4177	2869	4568	3355	3342	2756
chr1	38500000	38550000	chr1_38500000_38550000	1329	754	1215	969	1426	1686	1116	1564	3020	3486	3897	2722	4887	3278	3469	2721
chr1	38550000	38600000	chr1_38550000_38600000	2636	2017	2428	2350	3757	4336	3767	5055	2676	3356	3572	2628	7842	5631	5473	4175
chr1	38600000	38650000	chr1_38600000_38650000	1954	1635	1884	1738	2554	2834	2456	3195	1876	2297	2520	1836	4983	3667	3840	3124
chr1	38650000	38700000	chr1_38650000_38700000	1765	1369	1755	1619	1873	2208	1772	2423	2368	2823	3155	2302	4613	3239	3380	2598
chr1	38700000	38750000	chr1_38700000_38750000	2679	1921	2397	2246	2109	2440	2105	2865	2988	3643	3838	2855	4944	3471	3596	2954
chr1	38750000	38800000	chr1_38750000_38800000	3362	2977	3069	3076	2558	2818	2339	3150	2686	3289	3327	2472	4155	3007	2469	1764
chr1	38800000	38850000	chr1_38800000_38850000	1810	1211	1803	1509	1564	1869	1405	2091	2924	3561	3868	2665	4698	3304	3399	2648
chr1	38850000	38900000	chr1_38850000_38900000	1757	1066	1771	1471	1676	1963	1358	2031	3589	4114	4668	3215	5166	3710	3650	2911
chr1	38900000	38950000	chr1_38900000_38950000	2998	2456	2680	2735	2174	2441	2004	2633	2633	3129	3499	2453	4178	2992	2887	2154
chr1	38950000	39000000	chr1_38950000_39000000	1365	821	1327	1086	1312	1582	1128	1563	2704	3137	3632	2528	4300	2956	3005	2332
chr1	39000000	39050000	chr1_39000000_39050000	1402	748	1380	1121	1356	1725	1171	1609	3166	3644	4123	2874	5004	3327	3706	2878
chr1	39050000	39100000	chr1_39050000_39100000	1603	946	1525	1288	1524	1780	1333	1955	2871	3274	3767	2594	4458	3205	3385	2530
chr1	39100000	39150000	chr1_39100000_39150000	2172	1532	2097	1838	1927	2155	1808	2371	2982	3482	3825	2673	4730	3292	3189	2457
chr1	39150000	39200000	chr1_39150000_39200000	1619	1031	1581	1337	1540	1797	1392	1852	2802	3482	3813	2596	4445	3066	3331	2725
chr1	39200000	39250000	chr1_39200000_39250000	1623	1326	1504	1394	1278	1446	1235	1625	1595	1870	2043	1468	2502	1777	1847	1412
chr1	39250000	39300000	chr1_39250000_39300000	2245	1858	1967	1955	1542	1864	1455	1915	1989	2456	2640	1880	3293	2328	2319	1747
chr1	39300000	39350000	chr1_39300000_39350000	2714	2110	2519	2223	2121	2489	2040	2843	2991	3510	3759	2705	4617	3233	3160	2418
chr1	39350000	39361238	chr1_39350000_39361238	654	466	703	583	608	735	567	787	1122	1325	1443	980	1711	1200	1348	1068
